France,Luxembourg,Netherlands,Germany,Italy,United Kingdom,Ireland,Denmark,Greece,Portugal,Spain,Sweden,Finland,Austria,Malta,Estonia,Latvia,Lithuania,Poland,Czech Republic,Slovakia,Hungary,Slovenia,Cyprus,Bulgaria,Romania,Croatia,Iceland,Norway,Switzerland,Turkey,Ukraine,Russia,Other European countries
1831.3,211.2,1231,1837.3,525,737.1,32.2,85.7,58.9,66.1,279.1,125.7,41.1,83.9,2.2,2.2,1.2,2.8,46.2,26.6,5.8,23.9,7.2,3.7,4.5,4.4,4.6,1.3,25.6,122.4,42.7,5.6,50.8,5.8
1734,232.8,1213.6,1952.4,546.6,756.5,35.5,85.8,57,78.3,292.2,130.1,40.7,92,2.7,2.8,2.1,3.4,43.8,28.6,5.7,25.5,6.9,4.8,5.8,6.9,4.9,1.9,72.8,176.8,40.8,7.1,65.4,3.6
1943.3,272.5,1407.9,2291.9,591,866.4,44.4,101.7,65.9,85.7,323.4,173.9,51.4,115.6,4.3,3.3,3.3,3.4,55.4,36,8.9,35.1,10.3,8,7.7,9.6,7.2,2.5,42.9,211.1,60.6,13.7,54.3,10.2
1679.6,232,1226.1,1893.3,452,721.7,36,81.2,47.4,62.8,260.6,117.3,41.6,92.3,1.9,2.9,2.7,3,46.6,28.7,6.3,25.5,9,4.1,6.4,6.3,6.5,2.3,33.6,162,51.6,11.2,37.8,5.5
1779.9,239.9,1286.4,2071.9,531.1,797.4,36.1,89.9,51.8,70.9,258.9,124.3,41.3,104.4,2.3,2.3,4.5,2.2,58,33,7.7,24.7,10.7,4.8,4.4,8,6.6,1.8,43.4,172.3,49.6,5.3,41.7,7.6
1921.3,241,1387.6,2044.3,532.7,898.5,40,98.4,56.8,74.8,260.9,146.2,44.6,96.8,2.9,2.3,2.8,2.5,62.4,42.1,18.7,27.7,11.3,4.2,5.5,9.5,5.6,2.1,47.5,195.6,54.7,6.8,56,8.2
1526,213.5,1004,1554.1,398,636.1,27.9,64,43.8,55.9,223.9,73.7,29.1,71.1,2.4,1.7,2.6,2.1,47.6,27,13.7,20.9,7.7,3.6,4.7,9.6,4.5,2.2,26.4,143.5,44.5,4.2,44.3,7.2
1334.6,207.2,1183.2,1759,274.1,655.8,29.5,82.9,38.9,53.4,190.4,117.3,40.7,81.7,5.8,1.9,4.4,3.1,47.3,28.9,4.7,22.8,6.4,2.8,5.3,8,4.6,1.4,36.8,147.7,50.1,8.2,52.7,6.3
1823.2,219.3,1432.3,2039.1,538.5,773,55.6,95.3,56,73.7,279.1,135.5,43.4,96.7,2,2.9,3.8,3.4,64.1,33.5,8.9,25.8,9,3.6,5.3,9.4,6.2,2.4,41.2,190.6,50.2,9.5,70.9,8.2
1831.3,230.6,1405.6,2084.9,559.8,849.6,32.4,95.6,54.5,71.9,286.6,145.7,43.5,99,6.6,3.1,3.9,3.4,65.2,34.7,18.5,26.4,10.3,5.5,7.5,8.5,6.6,2.1,42.4,175.3,68.2,9.2,82.1,9
1744.7,219.9,1364.4,1960.3,539,840.4,38,93.6,53.4,69.9,265.2,140.4,54.8,95,3.2,2.8,3.2,3.4,61.7,40,8.7,25.5,9.3,3.8,6.6,8.3,6.6,2.1,37.5,160.1,69.3,9.8,84.4,7.6
1574.5,222.1,1172.2,1705.5,434.2,587.9,30,79.9,50.5,63.6,225.9,116,39.5,70.5,1.7,2.1,5.2,3.8,59.4,31.3,7,17.8,6.5,2.8,5.2,8.1,6,1.6,29.2,114.9,66.5,9.6,71.8,8.7
1787.7,217.9,1217.5,1871.4,504.9,746.2,35.7,83,51.3,67.8,260.2,125.5,45.4,84.7,1.9,1.9,4.9,2.6,58.6,32.5,6.7,27.6,9.7,4,6.5,5.4,7.2,1.6,35.4,152.1,49.5,6.3,66.6,9.7
1747.9,241.7,1255.8,1920.4,508.9,754.5,42.2,84,60.7,73,284.2,125.2,49.1,94.1,5.5,3.2,2.7,2.9,60.8,38.5,9.1,30.1,11.3,3.5,5.3,9.3,6,1.8,36.8,174.6,59.6,10.8,100.4,10.2
1828.7,263.7,1430.8,2075.8,526.9,772.3,44.5,85.9,54.8,75.8,278.3,124.6,49.8,103.1,2.4,2.8,3.2,3.5,59.3,41.7,7.7,28.1,13.5,4.2,6,8.9,6.6,2.2,45.2,165.3,67.2,23.9,78.8,12.7
1801.2,256.1,1331.4,1970.5,486.5,779.8,43.1,82.9,57.9,68,280.9,126,44.6,104,2.9,2.4,2.5,3.5,72.1,43.6,7.9,25.5,15.8,3.5,5.1,10.6,7.2,1.9,35.5,151.2,68.9,11.6,77.5,11.2
1665.1,241.3,1372.5,1881.5,513.5,840.1,37,84.6,55.6,72.7,284.2,124.1,50.2,103.6,3.3,2.3,4.2,4.2,79.1,49.2,6.5,29.5,11.7,3.3,4.5,12.9,7.9,2.8,41.7,163.8,70.2,7.3,86.1,11.4
1792.4,237.6,1430.9,1887,499.6,821.7,38.7,92.4,58.4,74.9,298.5,134.8,48.4,92.4,2.3,2.1,6.2,4,78.9,52.4,8.7,29.9,11.8,3.8,3.8,10.8,8,1.8,41.2,138.6,74.5,8.1,66.2,10.6
1609.2,221,1188.5,1740,447.5,706.4,29.1,66.5,51.2,63.3,249.5,82,37.8,89.2,2.5,2.5,2.8,4,70.4,40.7,7.2,25.6,10.5,2.7,3.8,11.7,7,2.5,30.6,159.8,95.1,10,86.9,11.7
1305.7,193.2,1168.3,1557.5,288.9,635.6,29.1,77.6,51.5,48.4,171.9,120.5,45.6,81.5,1.5,2.1,3.7,4,62,34.7,7.9,21.2,6.9,2.5,2.1,9.3,5.2,1.2,31.9,126.1,53.8,9.4,62.3,12.5
1852.2,221.9,1501.2,2041.9,552.7,843.4,38.9,88.5,57.3,88.7,281.5,138.3,49,113.5,2,2.5,3.2,5.1,72.4,39.3,8.4,27.9,11.1,4.5,3,9.3,7,2.3,42.3,143.2,79.7,8.4,72,14.6
1933.4,270.2,1484.5,2160.9,571.4,925.1,48.8,93.8,66.4,92.5,334.7,168.7,50.2,103,3.1,3.1,3.8,5.7,75.5,44.9,10.8,30.1,11.8,3.8,3.8,11.9,7.6,2.1,46.3,176.3,74.7,13.3,89.5,20.2
1634.9,232.5,1323.6,1907.3,523.4,860.4,43.1,77.9,60.2,73.8,291,155.8,49.9,86.2,2.2,3.1,3.3,6.3,71.6,41.5,7,28.9,13.4,3.1,3.2,15.8,7.5,1.8,47.1,178.2,87.3,9.9,79.3,13.9
1682,243.2,1244,1611.6,425.9,724.9,39.4,79.8,53.6,74.9,268.8,109.8,44,81,1.5,2.2,2.6,6.3,51.5,29.8,7.1,22.7,11.8,2.7,3.2,15.2,6.7,1.9,31.7,138.9,78.8,9.3,82.7,14.9
1805.5,242.9,1253,1760.3,514.7,845.6,41.9,83.9,52,75.5,289.2,140.4,47.5,101.4,2.3,3.7,2.5,4.4,70.8,33.5,8,38,10.2,3.2,3.1,15,6.1,1.6,45.6,185.7,61.4,6.2,76.1,17.2
1811.7,242.5,1293.8,1859.5,495,894.2,44.7,83.1,57.1,79,327.5,143.7,54.5,104,1.8,4,3.7,5.5,72.3,33.4,8.8,36.7,10,4,4.1,9.5,6.9,2.2,38.7,192.1,77,12.7,92.9,16
1864.3,265,1456.4,2026.8,541.5,953.2,45.6,89.2,60,84.3,321.8,147.5,54.3,115.7,10.9,3.3,3.8,6.4,78.8,40.2,12.9,44.3,9.7,9.2,6.3,11.4,9.7,2,41,210.7,89,22.4,91,14.8
1930.8,252.5,1487.1,2062.5,560.4,947,49.3,114.5,62.2,83.3,319.9,171.3,84.7,120.7,2.9,3.8,4.3,7.3,89.7,51,11.8,42.4,9.5,7.9,6.5,12.1,7.7,2.3,45.1,200.6,86.1,16.9,89.8,13.8
1668.6,236.4,1344.5,1852,498,922.6,47.7,86.3,61.2,76.4,329.6,141.3,63.6,101,2.3,4,6.1,6,85.4,40.6,9.8,40,8.4,4.5,3.9,8.4,7.7,2.9,40.8,192,86.4,23.2,77.3,11.7
1926.7,243.9,1549.5,2110.2,555.2,1094.6,41.9,100.6,61.6,80.9,331.2,150.2,59.1,107.3,2.5,4,5,6.3,105.5,48.9,12.5,39.9,9.4,3.2,3.9,14.2,7.5,2.9,43.1,173.3,83.8,16.2,103.1,19.1
1752.2,240.8,1268.7,1927.3,504.9,1032.7,42.4,77.6,58.9,71.8,293.3,107.4,50.4,94.2,2.9,4.1,5.9,8.5,96.6,39.6,9.6,39.2,9.7,4.6,5,10.9,8.9,2.5,34.4,182.1,95,13.5,119.2,15.9
1367,183.9,1248.7,1822.6,317.9,749.7,40.1,87.9,48.1,54,219.1,140.9,51.9,95.7,2.5,4.1,4.8,6.9,80.3,38,9.8,40.9,6.9,4,4,10,6.6,2.4,40.7,140.5,94.3,10,100.6,14.5
2005.9,238,1616.9,2178.5,613.9,1065.9,50.9,107.4,65.4,86,350.1,171.2,61.9,122.7,3,4.5,7.3,5.9,100.3,46.2,11.5,59.1,12.3,4.6,5.4,13.5,8.7,2.9,47,182,113.4,14.9,120.6,16
2073.9,264.6,1604.8,2131.8,625.5,1071.7,50.5,104.2,68.2,87.5,369.4,179.7,59.2,111.2,3.2,5.1,18.4,8.1,113.1,52.7,11.9,54.2,11.5,5.1,7.6,13.6,8.6,4.2,52.6,174.7,118.7,15.4,162,16.4
1720.3,246.7,1405,1896.9,554.5,952.3,47.2,88.7,62.1,81,325,156.4,52.1,96.1,3.1,7.1,8.8,7.6,99.9,42.1,10.3,53.5,8,3.7,6.6,15,8.3,2.3,44.6,161.3,90.4,15.4,124.8,18.8
1854.7,250.5,1432.8,1738.4,503.1,846.2,52.7,86.6,57.3,73.6,308.4,149.3,49.1,91.1,2.6,3.7,6.4,7.3,81.9,40.6,9,43.5,7.6,4,7.9,18.6,12.2,2.7,58.3,147.3,86,14.6,127.2,20.6
1892.9,214.9,1418.7,1866.3,594.6,940.2,46.7,93.7,60,85.1,318.8,161.7,60,96.1,3.1,3.1,6.9,6.1,90.2,35.8,9.2,53.9,9,3,6.8,12,5.7,2.3,48.2,171.7,81.8,10.3,112.6,11
1875.4,219.2,1432.3,1912.3,601.3,951.7,56.3,94.8,64.9,94.4,363.7,169,57.7,111.3,4.3,3.8,3.9,8.8,83.9,40.9,13,60.6,10.9,4,7.3,10.7,8,2.8,41.9,197.5,81,16.8,126.5,14.4
2128.3,269.1,1613.1,2218.4,659.6,1044.8,61.4,110,77,101,380.1,187.5,65.1,127.1,3.1,4.5,6.1,9.3,94.9,49.2,13,69.4,10,4.2,8.7,13.4,11.7,3.4,56.5,194.5,97.4,20.5,127,19.8
1967.1,251,1530.5,2162.9,578.4,1006.9,51.2,91,59.2,91.1,355.7,174.9,60.8,117.2,3.6,4.7,5.2,8.5,103.9,51.2,16.3,59.3,10.8,4.6,9.6,15.1,10.9,2.1,49.8,215.5,97.8,15.6,108.6,13.9
1790.4,226,1398.7,2026.3,567.6,942.8,58,87.9,66.9,92.6,372,157.1,59.3,112.4,2.6,4.7,5.8,8.4,96.4,40.8,16.2,68.3,9.4,3.6,7.7,15.2,10.1,2.6,54.9,176.7,92.8,12.6,87.3,17.5
2070.2,253.5,1602.6,2280.1,652,1168.2,52.1,111.6,76.3,113.8,403.9,178.1,64.6,131.2,2.8,4.5,7.3,8.6,115.8,48.1,13,68.1,9.5,10.7,9.6,17.3,10.4,3.6,57.7,203.8,103.1,18,107.3,20.1
1870.3,228.8,1342.5,1994.6,542.8,1013.8,44.6,84.9,67.2,93,335.9,113.4,51.1,110.6,7.8,5.6,6.4,9.5,97.3,41,11.7,55.4,7.4,3.7,8.5,13.7,12.1,2.8,41.1,183.4,99.6,14.9,96.5,17.1
1437.3,197.4,1172.8,1797.5,346.7,783.8,43.7,94.2,56,70.3,243.8,145.2,48.7,97.1,2,4.2,6.4,5.7,89.8,34.2,11.9,62.7,5.9,3.4,6.1,10.4,9.8,2.3,42,144.5,63.6,14.2,70.5,11.1
2112.5,259.2,1580.2,2185.2,665.3,1006.8,59.6,108.7,72,105.9,404.2,193.4,57.1,128.1,2.5,5.1,4.5,8,116.3,43.6,13.2,77.2,10,5.6,6.8,17.1,10.4,3.2,52.1,181.7,90.7,8.9,21.8,13.8
2072.1,244.4,1587.8,2073.9,627.3,914,70.8,102.8,67.5,103.6,435.3,190,61.1,125.6,2.8,4.5,5.5,7.1,115,46.9,14.4,91.5,9.1,5.1,9.1,15.9,10.4,4.3,51.1,172.1,89.8,8.3,32.9,18.7
1906.1,232.1,1414.3,1917.7,596.4,876.1,65.7,98.7,65.7,100.6,408.6,183.8,53.1,109.5,3.6,3.4,4.5,8.6,95.3,38.3,21,87.7,8.3,4.3,6.4,18.7,11.1,3.5,56.1,186.6,85,8.8,30.5,15.2
1786.9,250.1,1576.2,1775.2,507.8,1061,57,93.7,65.6,93.2,381.1,162.8,53.8,105.4,2.3,2.9,3.5,7.6,88.6,35.8,13.9,69.6,7.1,7.3,7.5,13.2,9.2,2.8,51.5,163.3,76.7,9.5,44.5,13.9
1815.5,229.2,1329.7,1741.8,553.2,849,55.2,89.1,65,99.4,394.1,140.6,53.9,99,2.8,3.3,2.4,6.4,93.9,34.9,13.8,62.3,7.7,3.2,4.1,9,9,2.3,48.1,135.2,50.9,6.1,24.8,8.3
1854.2,230,1318.9,1765.4,558.3,879.7,53.1,89.3,74.4,95.1,411.7,156.6,49.7,104.9,3.6,4.3,4,5.7,82.1,40.2,11.8,72.7,7.1,4.5,4.9,10.6,8.7,2.9,47.8,155.5,67.4,9.3,37,11.3
2173.7,296.6,1652.6,2170.1,637.5,1085,64.1,108.5,77.6,111.8,455.1,196,62.5,129.6,4.4,3.3,5.5,7.5,99,46.4,14.6,65.8,8.5,9.3,8.9,13,11.7,3.6,47.3,176,70.9,12,42.4,12.9
1909.7,257.8,1495.9,1960.6,586.8,942.1,55.6,96.8,70.9,101.8,416.7,184.6,54.8,112.7,4,4.3,3.4,8.3,99.4,41.9,16.2,56,9.7,4.1,8.6,11.5,11.4,2.8,55.1,188.8,78.9,8.7,44.2,12.8
1855.8,238.6,1404,1799,539.1,862.5,60.7,90.9,73.6,86.4,395.5,154.3,56.9,107.3,4.5,3.4,4.8,7,106.3,39.1,14.9,59,7.6,4.1,10.2,13.1,7.2,2.7,48.4,135.2,86.4,10.4,39.6,10.3
2142.6,263.6,1630.6,2073.1,602.9,1041.5,60.7,109.7,73.4,107.5,457.9,183.5,63.4,120.4,5.3,4.1,7.2,8.7,106,47.1,16.1,73.7,12,8.6,11.3,12.9,9.6,3.8,54.2,170.9,93.4,12.9,39.9,18.9
1847.2,236.4,1327.3,1711.4,525.7,958.4,55.4,83.8,56.8,82.7,402.4,138.9,46.7,109.3,3.5,3.9,7.7,6.9,101.5,43.3,8.1,61.6,8.2,3.4,5.9,13,9.3,3.3,40.9,172.1,68.2,11.7,46.6,14.8
1577,216.1,1274,1796.3,335.1,961.9,44.6,99.8,60.3,75.5,339.6,146.3,54.3,106.1,3,4,3.7,9.3,105.9,39.9,12.3,68.1,8.2,4.2,4.1,10.5,8.6,2.4,44.9,148.6,68,9,41.3,14.6
2119.1,261.1,1674.1,2235.4,663.9,1094.9,203.4,107.9,77.1,116,511.4,196.2,57.3,132.1,4.4,4.9,4.9,10.8,112.1,49.4,14.5,69.9,11,9.2,5.7,15.8,9.4,9.7,50.6,181,97.4,13.5,47,15.1
2159.1,281.9,1605.1,2104.8,648.7,1110.3,65,124.1,87.6,107.3,512.8,204.9,64.8,127.3,3.9,6.1,7.2,8.1,120.9,47.8,15.7,77,11.1,4.6,5.7,16.1,8.1,4.5,50,189.6,89.4,16.5,52.5,16
2100.6,291.7,1593.8,2049,657.7,1112.8,72.8,118.4,79.6,104.7,495.4,217.5,59.9,121.8,4.1,3.7,8.4,7.9,120.2,51,15.7,77.4,11.4,6.5,7.6,22,9.3,3.8,49.5,169.5,82.3,11.8,49.6,13.8
2127.5,325.8,1590.3,2002.2,616,1005.3,60.5,97,71.4,90.1,436.9,175.4,61.7,116.8,4,4.1,5,8.1,100.9,44.6,13.4,56.2,13.1,5.5,7.5,17.3,7.3,3.1,50,194.7,96.6,17.1,53.6,16
1998.2,291.4,1451.8,1807.2,624.1,996.2,61.4,98.5,60.9,96.8,406.6,189.8,62.1,99.1,3.5,2.7,3.9,6.8,98,41.9,13.5,70.7,9.7,5.9,4.8,11.1,5.8,3.2,45,180.4,86.7,11,40.2,10.3
2250.1,336.2,1600.7,2072.6,689,1134.5,69.6,106.1,82.9,106.2,496.4,212.3,72.1,128.4,4,4.3,3.9,6.7,105.9,49.3,13.2,78.5,10.6,5.5,6.7,11.7,8.6,3.9,49.8,217.4,88.8,10.8,49.6,13.6
2435.5,358.8,1848.9,2392.5,759.4,1345,93.3,115.9,96,122.2,564.9,229,81.7,137.6,4.6,4.4,5.7,8.7,119.8,56.4,18.7,90.2,12,8.4,7.8,16.5,10,2.9,54.8,283,113.4,15.1,55.2,19.4
2114.3,303,1651,2061,652.9,1108.9,83.9,95.6,75,104.1,473.7,193,67.7,119.2,3.5,5.2,3.9,9,101.8,52.3,15.5,69.5,12.3,6.6,6.7,17.5,8.8,5.6,44.5,161.3,116.5,11.9,59,11.2
2388.1,333.5,1853.8,2359.7,775.6,1330.1,88.6,123.6,91.5,126.8,568.5,215.2,74.2,123.8,6.6,5.6,5.7,10.5,128.7,63.8,17.7,70.6,13.5,9,6.8,21.1,11.4,4.1,70.3,240.7,125.7,15.6,68.9,19.5
2279.5,299.6,1716.4,2142.4,709.7,1189.5,89.5,106.4,95.5,113.3,480.7,171.6,62.2,112.9,3.9,5.4,4.8,8.9,118.1,63.4,19.5,70.7,12,7.1,9,20.6,9.3,4.4,48.6,204.9,105.1,16.2,86,15.5
2073.5,270.4,1390.5,2051.2,705.7,1135.3,74.7,86.8,86.4,94.2,444.5,155.7,50.7,109.3,3,4.7,5.2,8,106.3,52.5,14.6,58.8,10.1,5.8,6.5,18.8,9.5,3,35.2,175.2,122.1,12.5,71.6,18.6
1808.8,257.4,1546.8,2046.1,464.6,1088.4,67.4,111.7,68.7,84,327.2,176.6,56.8,109.8,3.2,4.7,4.9,7.6,111.8,68.6,16.7,65.6,10.1,5.5,8.1,19.5,8,4.9,43.9,182,128.8,13,65.6,15.3
2364.3,321,1880.3,2514.3,752.5,1190.3,92.7,123.1,102.8,110.5,476.8,217.6,64.8,138.8,3.7,5.2,6.8,11.9,124.4,71.3,17.2,76.2,11.8,9.1,8.6,18.9,10.7,6,48.8,211.4,154.6,18.9,72.4,17.1
2655,345.3,2152,2371.9,783.3,1271.4,100.8,125.3,99.5,134.3,514.8,208.6,71.2,133,10.9,5.9,5.8,9.1,138,88.6,22.6,78.9,11.8,8.5,11.7,21.4,13.2,3.9,62.3,231.8,163.5,18.6,92.6,18.2
2454.9,313.7,1830.1,2354.5,663,1320.8,110.7,123.1,100.1,126.8,501.1,221.1,68.7,122.3,4.5,7.3,6.6,12.5,124,68.4,19.6,70.7,15,14.8,11.2,27.5,12.4,4.8,52,228.3,148.9,21.8,91.7,14.4
2201.7,305.3,1671.8,2092.9,657.1,1204.1,105.7,104.6,78.1,108.4,477.4,205.9,61.8,129.3,3.4,5.4,4.7,10,107.7,53.9,17.4,56,10.4,7.6,7.7,18.4,11.2,3.3,45.1,169.9,104.7,18.6,83.4,16.1
2444.7,322.4,1765.4,2349.4,747.1,1307.9,122.3,117.4,74.8,115.8,512.6,188.6,74.4,135.5,3.7,5.2,4.4,8.7,109.5,102.2,18.3,78.1,12.1,6,7.6,16.9,10.2,2.8,48.9,211.2,81.7,13.8,55.3,13.7
2357,330.3,1646.3,2383.7,765.3,1244.7,126.3,107.3,85.9,108.7,531.3,191.4,77.9,132.8,4.4,5.7,4.5,8.3,109.5,78.8,21,65.1,12.8,7.2,7.3,19.2,10,4.1,46,226.3,70.5,15.2,66.7,19
2513.6,382,1913.2,2716.6,866.8,1422.4,128.7,127.4,107.8,125,639.2,197.1,85.8,149.1,5.1,5,6.2,11.3,132.6,84.3,24.8,89.2,13.3,8.5,11.8,20.9,14.5,3.8,50.1,295,74.1,20.7,90.7,20.1
2254.2,320.4,1667.7,2307.7,699,1118.6,119,106.8,85.8,95.6,496.9,165.3,63,136.1,3,5.1,6,10.6,125.6,77.7,22,71.2,12.4,6.2,9.2,22.5,14,3.4,41.2,173,59.3,19.3,77.7,15.4
2382.2,332.2,1777,2458.7,757.5,1298.4,93.2,112.9,94.5,114.4,552.2,230.4,77.8,137.9,4.6,5.9,6.8,14.7,134.8,68,21.8,62.9,13.5,9,9.9,23.1,16.9,3.6,50,213.6,71.6,19.5,93.9,19
2421.3,341.4,1861.7,2326.2,741.2,1304.8,101.6,113.2,93.9,118.1,597.3,189.2,66.5,127.4,5.5,5.8,7.8,14.2,134.7,85.1,21.2,66.9,14.2,9.4,11.6,30.9,11.6,2.7,53.8,215.2,71.3,21.7,92.1,23.8
2230.7,300.9,1491.3,2206.1,701.5,1221.1,74.3,95.7,74.5,94,528.1,127.6,56.8,113.3,3.8,6,7.5,12.9,138.4,71.6,18.7,67.5,11.4,5.5,10.1,26.9,12.3,4.4,47.5,200.5,72.7,18.1,93.2,16.8
1779.7,282.1,1583.1,2160.5,485.5,1152.3,72.2,113.8,65,78.7,364.9,153.5,64.9,111.7,3.6,5.5,5.9,10.6,114.9,63.8,18.1,61.2,10.3,5.5,10.8,25,10.9,3.8,42.7,168.7,68.9,18.2,79.6,21.7
2303.5,289.3,1724.6,2335.9,776.5,1305.5,75.8,106.8,81.2,98.8,534.7,171,66.7,138.2,4.4,6.6,6.3,13.1,129.9,69.4,22.4,57,14,5.7,11.3,25.5,13.8,3.3,43.2,221.4,67,18.8,93.1,19.9
2432,326,1880,2490.1,826.7,1333.2,84.4,123.9,95.6,107.9,559.4,190.8,68.8,150.4,4.7,7.8,6.2,15.7,135.4,84.2,23.5,58.7,14.7,9.5,15.1,34.9,13.5,4.6,50.5,226.3,79,22.1,112.1,30.7
2219,297,1742.7,2259.5,766.2,1243.9,96.5,106.6,74.2,98.7,487.5,172.8,67.5,137.1,11.9,6.6,9,13.1,135.1,70.8,22.3,69,13.4,7,10.6,45.3,12.1,3.4,42.7,203.7,68.1,29.1,106.5,25.9
1910.1,279.2,1546.7,1980.4,590,996.9,92.7,86.6,82.4,88.8,424.5,192.9,49.1,109.6,3.1,5.3,5.2,9.4,108,56.9,16.3,42.6,10.7,5.2,6.8,20.6,8.7,1.8,33.1,144.7,63.3,24.9,95.7,20.8
2203.2,306.9,1708.8,2162.7,773.6,1307.1,86.8,105.9,70.6,106.3,509.6,180.7,64.7,134.3,4.3,5.4,5,11.1,127.5,68.3,20.1,64,16.3,4.9,8.4,18.4,11.5,2.9,42.7,182.8,76.7,22.4,76.5,15.8
2183.6,309.4,1621.6,2132.8,732.8,1389.1,90.2,99.9,78.2,94.8,477.8,169.9,66.4,125.1,8.9,6.9,5.4,10.7,127.6,66.9,19.9,68.7,11.3,5.6,8.5,19.7,10.7,2.5,44.6,178,80.3,24.6,93.3,19.4
2424.2,348.8,1879.9,2337.4,839.3,1562,124.3,119,88.4,108.8,522,190.2,69,146.3,5.3,7.3,5.9,12.5,152,76.1,25.3,67.9,15.8,8.8,8.9,24.6,15.1,2.4,50,245.2,94.4,27,91.3,18.4
2421.5,333.9,1851.5,2309.2,757.9,1323.7,108.7,109.2,85.3,95.3,505.9,198,69.1,146.6,3.8,7.5,7.7,16,156,95.4,26.5,63.4,14.1,6.7,9.7,28.3,15.4,2.7,56.8,118.6,88.4,24.4,90.9,18.8
2258.3,304.4,1860.9,2285.3,785.2,1329.3,98.8,113.2,86.4,105.7,541.8,202.9,70.7,146.7,4.3,8.7,7.3,17.3,161.4,92.3,23.4,71.9,13.6,7.4,10.9,29.4,16,3,54.4,174.7,107.9,24.1,111.3,19.3
2335.2,310.1,1804.9,2382.5,720.4,1204.7,82,119.3,82.5,91,519,179.7,71.9,142.9,4.3,6.6,7.8,13.9,137.8,83.5,27,63.4,16.5,6.5,12.4,31,12.5,2.8,52.5,197.2,97.9,20.4,88.1,21.2
2244,333,1607.5,2315,692,1307.8,78.4,99.7,88,83.3,497.7,142.6,58,130,4.3,8.7,7.4,14.5,136.5,79.3,20.7,66.8,14.7,7.1,11.9,32.3,14.9,2.8,41.9,182,114.5,24.5,88.2,22.3
1730.3,274.9,1585.5,1993.4,454.4,1134.2,76.6,100.7,71.4,64.9,362.2,179.6,64.3,112.4,3.3,5,5.9,9,130.3,70.5,19.2,72.5,12.9,6.8,7.1,26.5,10.2,2.5,42.5,143.5,68.6,23.7,75.2,18.7
2430.4,317.3,1863.3,2334.5,782.7,1401.3,89.1,113.6,94.9,103.2,565.2,193.8,69.8,147.4,3.8,8.3,7.2,13.3,147.4,81.1,24.9,62.8,14.8,6.9,9.4,31.9,13.1,2.8,56.2,182.3,116.9,19.7,94.2,18.1
2607,341.4,1995.8,2628.7,840.9,1427.5,141.9,118.7,97.3,100.3,590.7,219.6,77.6,151.4,5.2,9.9,11.1,15.1,156.9,99.1,31.3,85,16.7,7.3,12.7,31.6,18.6,3.2,55.3,185.8,126.2,23,104.5,24.6
2302.3,316.8,1727.3,2321.5,752.6,1243.4,112.5,112.3,82.5,92.8,527.2,210.4,66.6,144.3,4.4,7.6,8.8,15.5,137.4,81.9,31.4,68,13.4,6.7,10.9,27.7,15.8,2.8,46.1,184.4,112.8,33.1,93.9,20.8
2125.2,343.8,1680.2,1926,689.8,1055,82,95.9,76.3,80.1,467.2,171.1,60.2,123.1,6.4,5.8,5.9,11.5,111.1,58.8,26.2,52.9,9.4,5.9,7.9,24,11,2.8,38.3,145.8,100.4,21.6,82.3,23.6
2367.9,317,1755.1,2116.6,729.2,1166.6,93.1,101.3,80.5,82.9,451.4,187.4,74.7,126.9,7.2,7.2,5.6,11.5,128.6,74.9,25.4,64,13.9,5.8,10.7,24,11.7,2.4,47.7,172.1,106.8,16,81.1,18
2271.3,332.3,1706.9,2236.2,724.4,1145.6,95.2,107.4,81.7,87,482,189.5,69.7,137.1,5.2,8.2,7,12.2,130.1,74.6,30.3,69.9,13.9,6.2,8.8,25.5,12.8,2.5,44.1,171.4,96.5,24.7,93.9,16.4
2505.9,376.6,1870.4,2502.5,793.8,1239.6,105.8,128.3,87.7,94.5,565.1,208.3,82.5,152.7,6,6.5,6.8,12.8,135.3,82.3,28.6,89.8,14.4,7,12.2,32.5,14.3,3.5,51.9,252.6,114,25,95.8,18.4
2433.9,357.4,1803.4,2499.3,727.1,1179.1,87.8,106.3,80.9,84,516.6,245.2,77.9,151.4,5.7,6.9,6.2,15.2,145.4,86.5,27.3,91,16,6.2,14.9,32.4,16.9,3.2,52,164.8,107.2,24.8,89.6,20.4
2272.7,310,1714.1,2388.9,754.5,1115.6,83.2,108.8,77.8,83.3,530.7,202.7,75.2,145.9,4.3,7.7,6.5,13.3,138.5,72,27.1,97.9,15.9,6.4,12.9,31.8,13.5,3.4,54.4,163.2,106.2,20.8,86.6,19.3
2520.2,317.2,1749.4,2495.3,761.4,1230.9,72.3,111.9,85.4,92.1,562.8,203,69,141.5,4.5,8.5,5.8,13.9,141.9,89.3,26.2,97.7,17.4,5.7,13,30.5,15,3.8,46.4,178.7,104.1,21.5,85.8,23.1
2248.8,290.3,1586.7,2377.1,693.4,1208.2,63,99,76.5,85.3,532,136.8,62.9,153.3,3.7,8.7,6.6,14.5,151.8,80.3,24,91.3,17.1,5.5,11.8,30.8,13.4,3.7,41,161.8,118.7,28.8,97.7,21.4
1640.1,256.9,1411.9,2009.8,398.7,996.8,58.4,99.8,64.6,63.2,371.6,155.1,60.2,110.7,3.5,6.5,5.5,10.3,125.8,71.1,22.2,71.6,13,4.7,8.6,24.8,11.2,3.2,46.8,130.9,102.4,25,77.9,16.8
2525.2,330.1,1834.3,2459.5,777.2,1272.7,82.1,113.4,93.7,91.7,552.8,237.7,78.5,149.9,4.8,9.7,7.4,13.9,159.6,112.4,27.2,95.6,20.9,6.9,12.2,34.4,14.6,4.2,49.7,175.2,138.5,27.5,107.7,25.4
2589.1,360.8,1918,2671.1,789.7,1256.2,92.8,124.5,94.1,102.7,588.7,229,81.5,157.6,6.7,9.7,6.8,17.8,170.3,95.1,32.5,93.9,21.9,6.2,13.4,32.4,17.9,3.5,55.3,210.1,145.6,27.4,102.4,24.1
2209.6,311.6,1687.9,2438.3,757.2,1173.3,82.2,107.2,84.1,86.5,556.2,190.9,69.8,155.6,6.2,9.8,6.2,13,164.8,86.1,27.8,78,24.2,5.1,14.2,31.1,11.2,4.1,48.3,178.8,130.3,26.7,94.3,21.1
2315.3,317.5,1741.3,2277.7,644.4,1165.2,84.4,101.8,82.4,76.5,485.5,176.1,68.3,130.2,6.3,6.4,5.4,11.1,117.4,68.1,23.5,61.6,19.1,5.3,12.9,25.9,11.8,3,42,157.7,142.7,29.2,101.7,27.1
2368.1,322.5,1681.3,2250.7,692,1168,92.9,107.2,80.6,80.2,489.5,177.4,74.6,138.7,6.1,6.6,4.9,10.7,139.9,76.2,31.5,80.7,16.3,6.2,12.2,27.1,12.5,2.7,44.5,153.3,128.6,16.6,73.4,19.5
2402.2,356.8,1694.7,2275.2,739.8,1225.4,91.4,107,91.7,80.8,556.7,172.6,70.2,136.3,5.1,7.3,6,10.5,167,84.6,33.1,64.1,17.5,6.3,12.6,29.9,14.4,2.8,43.2,161.3,133.9,21.8,93.2,27.8
2832.5,420.2,2067.4,2773.8,891.6,1333.1,125.1,137.4,100.9,105.6,630.1,239.6,89.6,181.6,4.9,9,6.9,14,207.9,102,36.1,68.1,17.8,7.2,12.8,35.3,16.5,4,49,179.6,185.9,27.1,105.8,24.9
2575.6,367.8,1874.9,2551.1,770.5,1193.8,95,119.3,98.7,97.3,566.8,210.4,87.3,161.1,7,8.2,6.4,12.9,190.5,93.5,33.2,55.2,18.1,6,12.3,29.7,22.2,2.6,48.5,176.9,139,25.2,106.1,23.4
2286.8,348.1,1746.1,2407.4,753.1,1089.1,115.3,113.6,90,83.6,544.8,205.9,76.7,154.6,4.6,8.6,4,9.6,184.6,89,32.4,65.8,15.2,9.8,11.2,30.1,20.1,3.8,52.7,162.4,153.2,35.4,109.2,20.1
2784.2,383.7,1992,2641.2,902.7,1347.7,114.5,141.8,110.4,99.7,606.1,224.6,92.7,175.4,4.8,9.3,6.3,12.9,179.9,104.2,34.7,81.6,18.8,7,16.5,35.5,12.2,3.6,83.1,221.1,172.4,27.5,131,29.6
2348,342.3,1734.2,2524.9,719.7,1182,115.3,110.9,98.6,80.9,507.5,160.5,72.5,161.4,7.4,9.7,6.2,13.1,158.9,83.6,31.4,69.6,15.9,6.3,15.1,29.8,14.3,3.5,43.6,160.8,148.9,27.4,130.2,23.3
1980.5,316.8,1647.6,2340.6,488.6,1116.3,87,111.7,67.5,70.8,437.2,189.6,72,138.2,3.8,8.6,4.9,11.3,147,82,30.1,57.6,16.3,6,10.7,32.4,9.4,2.9,41.6,143.6,134.6,27.8,109.3,22.2
2685,394.7,2047.1,2733.7,867.6,1356.5,107.4,142.6,98.6,99.2,625.8,252,92.9,175.3,5.2,10.2,6.3,14.2,185.8,106.4,39.6,78.5,21.6,8.3,16.1,40.9,13.5,4.8,60.2,195.5,157.2,29.3,122.5,26.8
2739.5,383.9,2006.3,2824.8,848.6,1324.8,105.8,131.6,98.4,103.7,650.1,238.5,91.1,178.2,6.6,9.5,6.3,11.8,183.2,98.9,36.5,77.9,21.6,21,13.9,40.6,12.6,3.7,65.1,190.3,173.8,34,123.9,28.3
2739.5,393.7,1958,2727.6,816.5,1345.7,103.1,148.8,110.9,91.9,671.3,240.3,92.1,169.1,6.2,8.2,5.7,13.4,171.8,100.8,37.4,78,20.2,12.6,15.4,38.3,11.8,3.6,55.4,209,136.3,29.9,117,31.9
2648.1,393.1,2047.4,2566.5,737.3,1177.3,106.6,127,89.1,89,511.8,244.8,99,167.4,4,7.8,4.8,11.6,149.2,95.4,28.6,61.7,18.1,8.8,15.4,33.7,10,3.1,55.1,175.4,156.6,26.1,128.9,25.7
2624.5,360.7,1845.2,2461.6,751.6,1274.2,94.2,116.9,86,90.4,557.2,215.2,90.4,131.1,4.5,6.9,5.3,10.4,166,90.4,27.4,71.3,28.4,6.5,10.5,33.2,9,5,54.6,170.8,140.8,21.2,96.2,17.6
2708.9,363.3,1884.7,2501.9,847,1269,117.6,124,87.7,93.6,615.3,217.9,91.4,142.6,39.2,9.5,5.4,10.2,170.1,101.7,30.3,68.5,20.4,7.2,12.4,37.5,11.2,5,56.1,196.5,139.6,21.6,127.2,20.3
3236.7,437,2157.9,2886.3,916.8,1381.4,136.7,145.8,97.9,127.7,682.6,259.1,103.8,172.1,5.4,9.6,8,12.4,212.3,115.6,36,89,25.5,10.5,14.4,44.5,13,4.9,57.6,314.4,163.2,32.3,144.8,23.5
2844.2,400.7,2052.8,2884.5,809.6,1228.6,133.6,128.9,97.9,106.3,660.1,231.4,99,160.9,4.8,11.3,6.7,13.7,200.3,104,33,82.6,18.7,7.3,16.3,38.3,14,5.4,61.6,171.8,181,28.9,147.7,24.9
2804.3,375.3,1918.5,2538.3,791.2,1156.9,131.4,119,83.8,99,620,232.1,86.7,153.5,11.7,11.6,7,14.7,178.4,103.5,33.6,82.8,22,7.7,16.2,44.1,12.3,5.3,59.5,193.3,155,28.4,142.3,24.3
2889.6,393.6,2181.5,2854.5,842.4,1278.3,122.3,155.4,92.6,110.9,689.2,234.3,99.2,161.2,5.8,11.2,7.8,17.1,203.3,111.5,38.2,85.4,23.9,7.9,18.3,45.8,14.3,4.3,127,208.4,174.2,27,155.1,32
2414.8,381.2,1771.4,2393.9,722.6,1092.1,116.8,117.7,87.9,92.7,522,161.5,70.3,141.6,4.9,10.8,6.5,15.5,180.7,93.3,26,68.1,19,5.9,14.3,40.4,12.5,3.9,101.8,169.8,157.3,21.7,124.2,24.2
2165,334,1903.7,2528.7,520.9,1168.5,113.9,128.7,72.3,78.3,443.8,194.7,83.8,137.2,4.3,10.5,6.5,13.1,182,101.3,33.6,74.3,18.5,6.4,14.9,36.7,8.9,4.7,47.7,156.9,147.7,24.1,133.7,28.5
2892.4,433.8,2205.3,2846.4,896.4,1324.5,127.4,145.1,108.3,113.1,691.7,256.6,96.5,158.9,5.1,13.3,12.3,17.5,231.9,124.2,43,88.4,24.8,8,15.6,45.9,13,5.1,70.7,214.5,186.4,30.8,146.1,32.5
2829.9,420.8,2163.3,2690.5,846.4,1164.6,101.1,131,89.6,92.6,584.3,254.2,93.2,153.7,4.4,12.6,10.9,18.7,217.9,115.1,43.1,88,23.6,7.1,16.4,44.7,13.9,4.8,62.4,193.7,181.5,29.5,157.3,33.6
3183.2,443.8,2217.4,2780.7,886.5,1519.5,130.9,151.4,96,101,631.5,285.9,92.8,165.6,6.6,14,9.4,21.7,223.7,110.1,42.2,92.6,23.5,7.8,16.9,46.7,14.4,4.6,59,210.7,161.4,30,173.8,25.7
3202.2,709.4,2132.4,2461.2,709.8,1352.5,92.9,129.7,88.7,86.5,607.4,230,80.3,141.3,4.4,11.3,7.5,18,186.7,103.2,35.9,82.3,27.9,7.5,16,41.1,13,3.9,56.9,214.7,183,25.9,130.7,33.6
3083.8,447.1,2012.4,2542.4,768.4,1418.8,137.2,121,87,92.8,597.8,210.2,86.2,155.2,3.8,9.7,7.3,14.7,211.4,110.5,38.1,83.3,21.3,7.4,11.5,33.4,10.3,4.7,80.8,228.2,143,23.5,136.4,23.1
2897,401,1978.5,2656.7,810,1555.7,118,130.1,94.7,99.2,634.9,214.4,91.6,146.8,4.6,10.4,6.4,14.4,216.3,109,41.8,89.8,18.8,8.5,15.4,43.6,12.7,3.8,98.5,234.6,167.2,38.4,157.3,34.9
3542.2,515.9,2399.5,3144.6,946.3,1736.8,115.2,169.4,122.6,113.1,728.2,270.5,116.9,187.8,5.7,15.3,9.4,21.8,244.4,137.9,45.3,91.5,29.4,11.1,16.9,55.4,16.5,6.4,131.1,389,219.5,37.2,192.5,31.8
2864.9,440.3,2077.5,2714,769.2,1090.1,110.6,121.9,96.9,95.9,574.1,267.4,89.1,151.4,4.4,12.3,8.4,16,216.7,118.2,48.7,77.8,22.8,9.9,15.5,40.4,12.6,5,63.5,169,185.9,33.7,153.2,24.4
3067.7,411.8,2398.4,3004.5,877.7,1259.7,133,145.2,105,110,681.7,260.4,110.7,179.5,5.1,15.8,9.5,18.8,248,129.2,45.8,98.3,27.2,14.8,16.7,43.1,17.8,12.1,72.8,231.8,195.2,34.2,178.3,28
3189.9,420.6,2405.9,3239.2,921,1360.2,129.2,163.9,108.7,110.5,729.3,280.5,113.9,187,5.3,15.5,9.8,22.2,251.3,145.1,48.2,92.1,29.2,15.8,22.4,59.9,14.4,6.3,81.7,243.3,193.8,38.4,203.4,32.2
2707,396.3,2043.4,2779.6,787.7,1191.8,120.6,123.3,106,84.8,635.8,176.8,86.7,171.1,4.1,13,6.9,15.8,210.5,113.6,35.4,78.9,27.2,12.8,15.5,51.1,13.7,4.4,57.3,213.3,185.4,30.6,188.3,27.9
2291.8,356.6,2139.9,2855,555.5,1167.9,96.4,139.9,82,73.9,492,258,95.9,151.7,4.8,14.3,9.9,15.3,209.8,122.5,42.3,76.3,24.2,10.1,16.7,44.4,14.8,4.5,64.2,193.4,175.4,30.7,180.7,29
2978.3,401.8,2302,3223.6,942.1,1364.1,111.6,228.4,103.3,103.8,715.6,311.9,115,203.1,3.7,14.4,11.3,22.1,262.1,147.7,45.3,89.7,33.1,14.5,19.8,63,15.8,5.9,83.3,237.9,201.9,31.6,210.6,31
2998.6,405.5,2333.1,3240.4,994.4,1316.4,124.7,177.4,112.8,118.4,736.5,325,127.6,204.6,5.8,14.8,12.4,24.6,281.6,156.5,52.8,88.9,31.1,18.9,27.2,67,14.9,5.8,88.5,261.7,162.8,40.1,249.7,32
3073.7,422.4,2301.1,3243,950.8,1406.5,136.2,159.2,106.1,110.1,710,323.8,115.5,208.8,4,17.2,13,25.2,270.3,154.9,47.5,91.8,29.4,13.8,23.5,68.7,16.3,5.4,71.5,274.6,197.4,36,239.8,36.4
2690.3,408.8,2077.2,2729,728.5,1080.5,97,144.7,83.9,91.7,592,284.5,105.2,153.6,4.5,10.7,9.8,18.7,216.1,120.2,41.5,65.6,28,14.8,23.4,62.4,15.8,4.5,63.1,237.5,166.5,36.8,177.8,55.6
2977.2,410.4,2286.2,3001.7,895.2,1326,146.1,158,113.5,108.5,731.7,276.3,108.6,183.1,4.6,13.3,12.3,32.3,257.5,148,44.4,78.1,32.4,13.7,21.7,44.8,13.5,5.4,73.7,221,186.1,27.9,161.1,28.5
2917.4,392.5,2211.9,2835.5,910,1289.3,141.8,159.1,109.8,100.9,698.9,273.2,111.2,172.3,5,12.3,13.8,24.5,263.6,139.7,48.9,81.6,30.4,12.4,22,50.7,14.9,5.2,68,258.4,189.4,29.1,172.5,31.9
3286,495.9,2512.1,3331.1,1007.6,1468.7,136.7,182.3,138.5,136.6,795.1,302.5,120.7,211.9,5,15.8,14.3,23.9,299.9,177,54,88.2,33.7,15.3,26.9,64.7,16.7,9,90.4,245.7,247.6,41.8,194.1,36.1
2988.4,400.3,2260.1,2921.7,895.9,1175.6,137.6,208.6,106.8,115.5,704,277.7,111.8,181.9,7,14.3,12.2,20.9,274.8,148.9,48.9,85.7,31.2,13.8,26.6,51.8,13.8,5.6,74.1,197.1,205.8,30.1,195.7,34.6
3004.5,422.9,2409.1,3253.6,950.6,1215.2,143.6,150.9,114.4,128.3,716.7,303.6,126.4,190.9,5.8,15.5,16.1,31.9,305.8,156.3,55.4,90,30.2,12.5,32.6,65.4,15.2,5,82.5,278.8,195.2,38.5,223,44.3
3271.4,444.4,2463.6,3296.7,961.4,1375.8,131,188.5,129.8,118.2,796.2,328.8,126.6,198.3,7,16.2,16.7,32,321.1,167.7,57.4,101.3,30.6,14.5,35.6,73.5,13.6,5.8,98.8,241.2,203.2,44.3,221.4,45.8
3030.4,391.1,2243.2,2949.2,847.8,1333.3,132.5,149.4,115.5,107.9,631.7,230.1,100.4,181.3,5.7,16.8,12,31.4,288,144.8,50.2,81.1,30.9,12.1,26.9,55.1,16,6.5,84.6,258.6,189.4,36.2,236.3,33.5
2472.6,330.4,2253.4,2910.8,564.8,1260.7,113.5,166.4,102.5,88.3,485.9,284.1,110.4,155.8,5.9,14.6,11.1,26,285.2,153.2,49.6,84.9,27.4,11.8,28.8,54.6,12.6,8.3,77.1,217.2,187.7,47.4,230.6,34.8
3133.6,381.1,2350.5,3141.8,892.8,1387.6,124.7,172.7,126.7,116.1,667.3,335.6,122.8,186.7,7.3,15.4,10,30.3,307.3,160.5,54.1,88.5,33.8,16,30.3,59.9,14.9,6,87.2,197.1,206.3,33.5,214.5,39
3586.2,453.4,2723.1,3346.3,1026,1488.1,142.1,168.6,137.9,141.9,759.2,322.4,131.5,209.5,8.1,18.2,16.5,31.2,347.4,197.4,59.1,97.6,32.8,14.5,35.5,79.9,16.8,8.8,106.9,309.5,202.7,42.9,264.1,45
3489.1,457.2,2500.2,3093,936.4,1377.9,144.6,167.7,130.5,119,709.7,312.8,112.4,214.7,6.3,14.2,16.3,27,332.2,171.4,60.5,87.5,36.2,13.9,31.1,79.9,14.2,6.4,95,247,196.5,39.7,234,51.8
2941,452.3,2157.7,2465.5,707.6,1094.7,149.9,134.1,109.3,103.8,548.1,230.8,99.2,162.7,5.2,10.3,9.8,24.8,253.6,141.1,47.1,73.1,30,8.9,21.9,56.4,12.5,4.5,68.8,294.5,183.3,46.5,164.6,34.4
3304.5,433.8,2456.7,3098.6,920.5,1404.1,138.2,172,110.4,129.3,635.6,273.9,121,188.1,5.3,15,11.8,32,326.4,166.4,57.1,79.4,34.7,13.4,26.4,65.1,12.7,5.2,77.5,228,193.4,28.7,166.9,26.7
3347.6,458.9,2462.8,3173.3,912.4,1379.3,146.9,181.6,111.4,133,651.1,279.7,122.1,188.8,6.3,14.8,14,31.4,351.1,180.9,64.2,80.2,37.4,15.7,33.8,80.9,14.7,4.9,69.4,234.7,210.3,39,186.8,44.9
3413.9,487.4,2495.4,3207.7,869.6,1353.5,148.3,173.3,120.1,118.5,616.4,255.8,128.2,211.4,6.9,14.4,11,27,341.9,176.2,57.6,86.7,33,14.6,28.1,72.5,19.2,6.7,83.8,314.6,220.3,44.5,227,39.8
3576.9,501.9,2552.9,3445.7,915.2,1354.8,144.5,166.9,139,115.4,723.4,300.8,129.5,208.9,7.3,18.1,12.8,28.9,366.3,187.8,65.2,93.1,39.8,14,38.2,76.9,21.5,6.3,103.7,269.4,247.4,48,287.7,45
3132.8,485.1,2581,3191.8,834,1203.1,118.6,173.4,120.4,119.3,619.1,298.1,125.3,181.4,5.3,17.6,12.9,29.2,339.5,191.6,61.7,91.1,36.2,16.2,35.2,66.9,16.4,6.3,101.9,271.7,210.5,47.5,278.1,38.3
3502.9,539.1,2686.3,3406,871.5,1324.1,116.2,180.3,192.2,117.3,634,275.3,126.8,217.3,6,15.9,13.3,28.8,359.4,183.2,65,94,39.4,13.8,38.5,82,18.1,5.1,116.1,312.9,274.2,50.2,279.1,37.7
3262.2,517.2,2512,3387.6,851.4,1321.8,96.2,158.8,140.8,109.6,577.3,223.2,121.5,196,6.7,16.7,13.1,47.8,331,184.2,56.8,94.7,34.6,14.6,37.2,65.6,16.6,5.9,95.7,321.7,233.1,48.6,337,42.1
2469.1,399.7,2326.4,3076.7,503.6,1091.9,93.6,158.1,102.9,82.7,512,259.8,106.4,155.3,5.4,10.3,10.2,28.8,286.2,154.2,46,69.6,28.8,16,27.5,52.2,12.6,4.7,149.1,216.4,166.5,45.4,230,38.5
3119.4,520.4,2728.8,3455.6,878.5,1367.1,104.7,190.2,114.6,121.3,578.9,319.9,140,205,6.2,16.4,13.3,30.1,365.4,198.2,62.3,102.5,39.1,11.8,32.9,74.5,17.7,6.1,110.7,282.6,184.9,52.3,285,54.7
3486.5,459.2,2638.6,3371.3,918.9,1324.7,114.3,186.5,121.1,135.4,591.8,306.3,134.2,211.4,6.6,18.9,13.1,32.7,327.7,195.1,63.5,93.2,39,14,35.7,76,18.1,3.3,98,276.8,186.8,57.4,287.9,52.8
2979.9,372.7,2135.2,2606.4,663.2,1065.4,94.4,145.2,80.3,91.7,421,246.5,98.9,180.6,5.4,11.5,8,23.3,260.6,163,50.4,81.6,32,11.6,27.1,46.5,15.5,3.3,75.3,248.7,135,41.1,237.9,34.6
2717.5,341.4,2048,2129,552.2,900.1,93,141.4,86.9,85.7,384,184.3,78.9,134.4,5.3,7.6,6.4,24.7,238.9,127.4,35.9,63.3,21.3,11.4,19.7,36.4,11.9,3.5,80.2,230.9,117.5,35.7,168.7,34.3
2753.2,413.1,1877.1,2384.4,614.4,908.7,102.3,127.8,91.8,90.5,419.4,199,76.2,147.5,4.2,8.2,6.1,18.8,257.5,131,35.7,60.4,24,7.8,14.6,33.5,9.6,2.7,74,243.8,91.5,12.6,121,21.4
2931.3,319.6,1896.4,2248.8,568.5,943,100.1,116.5,88.4,92.9,420.7,174.7,72.6,146.6,5.1,7.8,6.6,22.6,243.2,135.1,37.7,57.1,26.5,10.4,17.2,39.8,9.9,3.2,67.7,171.3,122.4,20.4,128,26.6
2829.6,358,2085.2,2598.7,676.1,981.3,97.5,145.7,86.2,89.3,484.1,193.5,77.6,180.1,4.8,13.4,5.9,21.4,255,151,38,64.5,28.1,11.6,19.1,48,12,3,71,288.3,131.2,26.7,140,29.6
2603.1,334.6,1994.5,2406.7,594.6,867.1,101.5,125.5,75.7,95.1,414.5,202.9,81.3,151.6,4.7,10.3,6.6,26.9,253.3,137.4,34.7,63.9,26.1,11.1,17.9,37,10.5,2.2,59.3,165.2,133.6,27,132.3,32.7
2307.9,318.1,1890.5,2309.8,599.4,893.5,72.5,112.2,82.5,80.9,428.8,169.1,72,138.7,4.3,14.7,6.2,24.6,237.2,126.2,37.1,60,25.4,11,22,39.8,11.9,2.2,73.3,171,142.3,25,141.7,42.4
2629.7,363.7,2144.3,2550.1,662.5,1027,90.8,129.1,121.7,87.7,504.6,215.5,80.3,167.5,5,16.3,7.7,31.2,259.2,154.4,39.3,62.2,27.8,11.6,20.9,61.5,11.3,2.7,81.8,198.6,180.6,29.2,155.3,53.7
2544.3,341.8,1993.8,2411.2,659.6,1100.1,79.9,106.3,96.7,91.2,451.5,139.8,74.6,225.5,4.6,11.4,5.6,27.3,246.4,137,35.9,61.6,21.8,20.2,21.6,44.3,10.9,2.6,66.2,192.5,176.5,26.8,160.6,35
2057.5,295.5,1851.2,2332.9,393.9,1026.3,83.5,121.6,69.4,73.1,363.6,169.8,67.2,138.4,4.3,9.3,8.8,23.5,229.6,122.9,31.5,50.1,21,9.1,12.4,37.7,7.8,2.3,64.4,142.9,165.7,26.1,128.4,28.6
2809.9,351.4,2131.9,2683.8,738.8,1261.5,72.8,144.1,94.1,96.8,527.3,234.7,88.4,178.7,4.2,12.2,8.1,22.6,279.6,145.9,43.7,70.8,30.2,16.3,18.2,45.2,10.8,3.2,98.2,205.8,207.7,24.2,144.1,37.8
2840.7,383.8,2180.8,2731.2,710,1249.2,95.7,137.5,92.4,102.4,515.6,244.9,90.5,167.9,5.2,9.8,10.2,24.1,280.4,149.8,46.1,71.7,30,22,19.9,49.5,11.4,3.7,73.4,154.1,163.7,22,122.2,25.8
2792.4,367.6,2023.8,2741.7,693.5,1090.7,79.9,137.8,136.5,90.8,480.5,217.1,74.1,179.2,5.8,10.5,7.7,24.2,270.5,137.4,40.9,67.4,26.3,12.3,21.5,45.8,9.5,2.4,58.9,189.9,167.2,25.8,160.5,36.7
2730.1,373.9,2073.5,2357,587,1112.6,74.9,121.8,127.6,87.4,443.2,200.4,73.3,145,4.3,7.3,7.9,17.7,229.3,114.3,35.3,48.3,27.4,16.4,19.2,42.7,9.9,2.1,67.9,172.9,158.7,23.9,135.8,38.7
2591,351.6,1897.9,2296.2,601.4,1079.1,95.2,103.4,82,93.9,437.6,197.8,78.5,146.6,4.9,7.6,6.7,18.4,255.6,124.3,38.8,54.2,23.7,12.8,14.5,46.4,10.6,3.3,69.3,185.3,160.5,15,137.1,19.7
2719.5,355.2,1947,2403.2,680.6,1062.6,116,109.3,85.5,91.9,438.1,211.8,85.8,166.2,4.7,9.1,6.7,29.5,260.2,130.7,37.8,63.7,27.2,11,17,45.2,13.6,2.1,75.2,198.4,180.8,20.4,162.7,32.8
3138.2,441.6,2481.8,2990.4,777.3,1242.9,116.7,163.4,94.5,105,558.1,245.4,98.9,197.5,11.7,10.2,8.9,42.3,332.8,159.7,47.5,73.4,33.1,15.4,19.4,53.1,15.6,4.1,66.6,279.3,227.7,28.2,223.9,51
2777.2,421.7,2228.7,2972.1,680.8,1020.9,142.3,132,81.7,107.9,488.5,239.3,99.6,176.6,5,11.4,17.8,36,292.8,149.1,44.7,69.9,24.1,15.7,19,49.6,13,2.5,73.5,214.5,239.7,31.2,163.6,47
2657.4,474.1,2196.8,2723.6,701,1014.8,111.8,125.7,81.4,105.5,526.6,252.8,94.3,166.7,11,10.9,9.7,37.9,308.9,145.3,43.9,62.5,27.4,14.9,19.9,52.7,12.7,2.9,72.3,252,185.8,33.5,181,32.8
3057.8,428.3,2467.9,3142.7,825.1,1153.1,104.5,157.2,92.7,110.2,531.6,282.9,107.2,183.8,5.8,13.2,9.8,45.5,320.4,161.7,62.3,76.5,30.5,17.5,20.2,58.4,11.7,3.8,108.7,285.1,244.7,35.4,212.4,42.7
2689.6,384.6,2159.3,2780,676.8,1068.1,101.4,107.7,76.2,90,467.9,201,83.6,163.2,5.1,11.5,7.1,28.8,283.3,137.8,46.7,68.3,25.8,15.7,20.2,51,11.7,2.8,68.7,299.8,258.1,33,215.6,97.3
2291.7,350.7,2095.7,2874,502.6,1078.8,115.3,130.4,64.1,83.5,384.7,224.8,89.9,153.4,4.8,10.5,9.7,43.3,281.5,139.5,45.9,63.4,24.2,12.3,17.3,46.2,11,2.6,82.5,239.3,218.2,29.9,241.3,37.6
2907.3,428.4,2405.4,3246.1,884.7,1254.7,101.5,169.4,87,108.6,510.7,308.3,116.2,220.9,5.2,13.6,8.9,37.4,338.1,159.9,55.7,81.5,32,12.6,29.1,61.6,12.3,3.2,95.6,288.5,306.5,41.4,258,42.2
3188.9,438.8,2272.4,3182.3,782.9,1154.9,96.2,157.6,82.8,112.6,485.4,287.5,106.7,194.9,7,15,12.2,39.3,328.7,159.4,56.5,75.4,30.3,11.9,21,56.5,10.9,3.6,100.3,264.9,300.6,42.2,261.5,64.6
3011.3,423.1,2272.8,3170.5,805.3,1245.9,132.1,149.8,75,96.8,513.5,292.2,102.8,179.1,6,12.4,9.5,36.8,336.2,159.3,50,74,32.7,24.4,22.8,58.7,11.1,3.4,100,284.8,268.2,44.9,278.6,42.9
2891.4,401.5,2378,2726.2,681.8,1210.4,100.8,131.6,76.7,90.4,469.9,262.2,99.3,167.9,4.7,11.3,8.8,45.9,278.8,137.1,44.9,62.8,30.6,14.6,20.2,49.4,10,2.6,76.2,271.6,241,34.7,157.7,38
3119.4,426.1,2373.6,2976.4,761.1,1174.3,105.1,138.1,71.5,95.3,486.5,264.5,96.7,163.4,13.8,12.1,10.6,38.2,293.3,151.5,46.2,65.7,27.9,10.4,18.4,58,10.2,3.4,103.3,314.8,303,22.1,192.7,36.3
3215,445.4,2385.8,3046.1,794.6,1169.6,118.4,128.9,73.1,103.1,512.3,262.8,108.4,185.5,4,11.9,9.6,30.9,357.6,158.1,54.7,68.5,30.4,17.2,17.5,58.1,11.9,3.1,89.4,346.8,318.8,31.4,243.5,67.5
3703.1,531.3,2758.1,3596,908,1472,136.4,169.3,85.4,117.9,558.3,335.2,126.3,221.6,5.8,16.5,13.4,45.9,394.5,186.7,60.9,90.5,36.9,17.7,29.4,64.8,14,3.7,98.2,442.9,350.2,39.7,272,63.4
3105,441.8,2457.5,3230.7,776.3,1184.1,126.8,131.6,67.6,95.4,486.3,283.4,107.3,186.9,5.2,15,13.1,52.9,338.1,159.4,54,74.4,30.2,12.1,23,58.5,12.8,3.5,92.8,338.1,283.2,39.9,282.2,54.3
3428.5,479.8,2618.1,3502.1,842.1,1427.4,110.9,162.6,76.2,95.3,533.6,327.7,120.1,207,5.4,20.7,12.8,48.2,359.1,174.8,60.6,79.7,30.9,18.9,22.6,61,31,3.4,109.5,362.5,297.9,44.5,342.3,50
3270,474.9,2635.2,3373.6,804.6,1337.1,131.1,143.3,83.9,86.9,527,297.2,118.4,200.4,4.5,19.5,10.6,49,333.8,178.6,61.8,81.7,30.4,14.2,32.3,62.1,13.2,2.5,111.6,338.4,308.1,47.2,285.1,70.3
2922.6,482.8,2469.2,3164.3,718.7,1146.5,88.7,115.6,70.3,86.2,459.4,185.1,87.6,179.1,4.3,17.9,11.9,48.3,301.3,141.3,46.7,82.6,23.6,15.3,22,54.1,13,2.4,198.3,289,265.5,36.9,323.5,64.6
2570,440.8,2530.3,3230,529.9,1193.9,105.3,143.3,97.2,68.3,373.8,257.8,97.1,167.2,4.9,16.5,10.3,45.9,310.6,156.5,49.3,81.2,25.9,12,26.1,56.1,12.7,3.1,113.8,279,272.5,38.7,376.6,43.8
3162.5,485.5,2569.9,3384.5,798.1,1379.3,108.9,173.1,119.8,95.7,521.3,326.1,110.3,224.1,6.1,23.1,13.4,53.5,357.4,169.6,59.9,90.7,37.4,13.8,27.8,76.4,16.9,3.6,122.2,402,262.8,49.8,276.5,42.4
3150.5,472.4,2400.9,3239.3,707.6,1304.7,134.7,136.8,78.4,90.5,472.6,293.2,100.3,196.6,5,18.7,13,41.7,342.7,158.9,57.1,83.3,32.4,12.2,26,71.5,14.8,5.6,111.4,462.4,306.5,49,299.7,45.6
3147.3,481.3,2528.9,3186.6,722.2,1311.9,125.1,145.7,82.5,95.2,476.7,294.6,100.2,219,5.4,25.1,12.5,43.1,338.8,160.3,50.4,84.5,30.9,12.8,25.3,63.3,13.4,3.5,118.9,304.7,245.8,57,421.6,49.9
2835.4,491.1,2344.4,2882.7,571.3,1079.8,86.9,144.2,58.3,78.6,432,269.7,108,173.8,6.3,12.9,20,43.5,292.7,155.4,49.1,68.7,22.5,13,27.8,57,10.8,3,82.5,306.3,229.9,37.9,204.9,47.7
3096.4,468.8,2520,3096.3,748.8,1250.2,90.3,129.8,103,88.3,456.9,288.5,103.4,177.1,5.2,32.3,14.3,43.5,318.4,156.1,52.5,84.9,31.7,11.2,21.7,60.1,10.1,3.1,76.7,393.8,241.9,29.1,233.3,32.6
3294.9,461,2622.7,3297.4,838.1,1273.7,92,143.6,70.1,81.9,501.2,280.5,117,196.4,5.9,15.3,14.7,52,349.2,161.4,55.6,74.3,30.1,12.3,19.9,58.5,10.2,3.4,80.4,402.3,277.2,46.8,286,36.3
3469.5,527.5,2916,3798.2,832,1414.1,105.3,161.7,66.2,87.4,487.5,317.8,120.1,219.8,11.9,30.4,17.6,57.4,396.4,175.3,61.6,86.4,34,18.7,32.2,63.7,13.3,3.3,96.2,458.2,294.9,51.2,289.5,100.6
3051.5,458.2,2604.8,3373,711.7,1199.6,82.5,135.9,56.4,89.5,456.8,274.3,99.9,200,5,20.7,20.1,43.7,324.5,155,64.6,77.3,25.4,13.3,32,63.9,15.8,3,87.1,430,304.2,36,290.4,90.6
3058.9,505.9,2720.6,3307.3,788.2,1287.8,117.9,142.3,66.8,78.9,492.8,316.5,120.7,188.9,6.1,19.9,17.1,52.3,338.5,160.2,60.9,84.6,29.6,13.4,25.8,71.6,14.6,3.8,119.9,403.3,271.9,45.9,314.2,86.7
3168.3,467.4,2622.1,3390,762.8,1288.9,87.4,152.1,67.2,77.6,507,297.5,123.3,199.9,5.9,21.9,16.8,49.2,348.1,174.2,64.5,95.7,29.7,12.5,33.1,63.4,11.5,3.6,94.1,462.6,274,53.7,330.4,119.8
3026.7,461.3,2423.2,3178.8,702.6,1314.1,80.6,119.2,63,86.7,438.8,202.8,95.7,164.9,5.8,19.9,15.6,55.6,318.9,161.2,49.4,81.8,24.1,24.6,27.1,59.5,14.1,4,69.7,366,266.9,40.3,286.4,88.1
2656.1,426.9,2594.9,3131,536.9,1316.1,81.6,135.1,65,80.7,442.6,281.9,98.7,172,4.7,20.1,15.9,44.8,317,147.7,57.1,80.6,27.5,13.8,25.1,62.4,10.1,2.9,110.7,277,271.8,40.2,299,69.1
3038.3,441.6,2627.5,3174.5,702,1315.6,90.3,151.1,69.4,92.7,467.2,312.7,106.5,198.4,6.1,17.8,16.9,48.3,337.5,162.6,61.4,84.9,32.8,11.2,29.2,69.8,10.2,2.8,98.5,298.4,243.9,43.7,252.3,71.5
3424,501.8,2888.5,3345.1,757.1,1539.7,109.3,155.3,83.3,91,501.9,321.2,105.3,197.9,6.2,17.9,23.8,43,365.4,174.7,61.6,95.2,32.2,16.6,28.9,70.6,12.8,3.9,98.7,324,283.2,45.2,309.6,91.2
3094.9,487.6,2533.2,3204.2,763.1,1389.3,88.4,142.7,70,89.4,487.4,330.5,113.5,190.3,5.6,18.5,18.5,48.1,332.6,164.8,60.2,91.9,27.4,11.7,30.9,70.2,12.6,3.7,103.3,339.4,268.7,47,318.5,54.1
2694.5,407.9,2416.8,2495.9,566,1131.5,93.4,131.2,59.4,77.4,394.5,253.4,87.8,144.3,4.3,20.2,12.9,44.4,273.7,121.8,45.2,68.6,21.8,11.5,22.8,46.7,9.6,2.3,76.7,264,241.2,40.3,212.1,52
3222.7,472.5,2595.9,3148.1,752.3,1390.1,92.9,143.4,59.8,81.6,524.3,257.6,108.9,192.7,9.4,18.3,18.1,42.9,335.2,160.1,55.6,85.3,29.8,9.9,28.8,60.2,9.8,3.5,89.6,288.1,277.8,34.1,265.1,67.9
3209.7,448.4,2515.4,3025.5,713.6,1328.8,125.1,132.5,66.9,81.6,486.1,258.2,105.3,182,8,17.1,17,45.1,334.2,162.9,54.1,105,27.2,17.7,25.4,67,10.4,2.9,82.4,290.6,277.6,49.7,256,59.4
3439.6,491.5,2750.8,3374.6,772.7,1873,109.8,145.8,71.3,92.3,469.6,302.6,113.1,238,10,19.7,16.8,49.8,368.9,161.6,63.7,97.8,32.3,8,30.5,85.4,12.5,3.5,89.7,330.3,296,46.2,309.5,117.9
3409.6,485.1,2556.3,3412.2,797.5,1406,104.6,142.4,65.9,92.7,515.7,332.4,110.4,208.7,5.3,19.8,20.2,46.2,354.9,162.7,65.5,103.8,30.3,8.4,36.8,74.4,10.8,3.4,101.7,460,247.1,48.7,250.1,75
3130.6,457.2,2660,3369.9,776,1304.5,99.3,148.5,65.4,96.8,483.7,294.5,109.5,196.8,5.7,22.2,19.4,57.9,353.9,169.1,65.4,97.2,33.7,10.2,28.2,74.7,16.3,4.1,121.9,269.7,295,48.2,304.3,154.2
3312.4,464.6,2607.1,3322,739.4,1274.6,87.9,141.1,69.7,84.8,523.6,288.7,104.5,214.1,6.6,29.5,15.9,58.9,367.6,165,66,110.8,49.9,10.2,36.8,76.3,12.4,4.2,116,307.9,271.5,47.6,301.1,102.4
3165.7,459.4,2558.5,3387.6,792.8,1429,99.7,130.2,77.6,91.8,521.8,238.3,102.8,203.1,11.3,19.9,18.9,58.5,348.4,166.1,61.8,102.9,30.5,10.5,35.1,71.7,13.3,3.9,97.3,361.6,296.6,60.9,351.4,179.4
2418.7,387.7,2377.2,2904.8,512.7,1207.2,84.8,132.4,51.3,77.4,383.7,255.6,97.7,178.3,33.9,20.6,18.4,50.5,327.1,139,54,82.9,27.1,8.8,27,66.3,14.5,4.2,106.8,304.3,247.3,49.1,262.2,191.5
3266.7,475.9,2508.1,3384.9,814,1488.1,72,183.4,78.1,91,466.7,317.9,128.8,204.8,5.6,21.1,21.1,88.4,383.1,174.8,68.7,107.4,34.9,14.4,31.5,74.7,15.3,4,133.7,347.8,286.8,53.3,278.1,78.4
3516.2,482.7,2678.2,3450.9,798.8,1476.9,81.6,154,81.6,109.8,521.8,345.9,119.7,220.3,6.5,20.4,20.5,53.6,431.5,202.4,71.9,111.4,35,12.3,39.1,86.6,14.9,4.3,128.9,420.7,288.2,57.5,302,171.4
3311.7,452.6,2484.1,3217.9,800.9,1514.1,91.4,147.3,88.9,96.5,462.4,336.4,104.5,207.5,6.2,15,18.7,41.7,422.6,190.6,66.2,108.2,29.8,10.4,34.4,81.1,13.4,4,94.2,375.1,278.8,38.9,264.7,121.2
3265.9,445.6,2453.9,2689.9,606,1188.3,94.8,134.4,61.2,86.4,480.8,259.8,101.2,157.6,4.8,16.4,19.1,40,312.6,162.7,51.6,84.3,28.9,8.2,30.5,63.4,12.2,3.5,74,307.7,245.6,47.8,195.3,180.1
3331.1,410.9,2504.7,3281,779.3,1405.1,109.1,153.3,87,97.4,593.5,284.5,117.7,199,4.9,19.7,19.7,53.5,412.7,185.3,69.4,106.6,28,28.5,29.6,89.7,11.8,3.4,96.7,285.3,278.9,33.1,224.1,146.3
3215.3,440.8,2394.7,3127.3,745,1320.4,105.7,142,56.7,85.2,471.5,286.1,98.9,192.5,5.5,17.6,15.2,49.9,377.5,182.3,64,99.1,29.4,10.1,30.9,85.7,12.7,3.3,91.9,292,304.1,39,264.4,89.8
3440.1,445.5,2566.9,3494.7,783.7,1443.5,126.3,160.2,67.9,102.6,520,309.1,119.9,226.1,8.2,17.2,19.8,60.2,428.9,187.7,70.5,101,34.2,28.4,45.3,82.9,17.1,3.8,93.1,607.4,264.9,33.6,257.1,178.6
3544.2,445.6,2582.3,3388.7,734.2,1409.1,101.9,144.4,69.6,97,494.2,310,111.6,203.4,6.9,25.2,17.1,53,412.3,189.4,67.6,103.6,34,10.2,39.7,84.7,15.4,5.2,101.4,308.8,277.5,25.5,275.5,153.1
3167.1,433.1,2375.1,3238.2,774.5,1386.8,106.2,157.4,102.7,91.3,521.7,331.7,115.8,204.2,5.9,23.2,15.6,45.9,380.2,180.1,64.7,101,33.2,9.8,34.2,76.7,14.2,4.3,124.3,305.9,287.4,25.8,225,202.9
3268.3,426.8,2454.8,3386,837.5,1517.2,143.8,159.7,76.9,101.9,525.6,270.9,125.1,216.1,5.4,16,18.8,36.6,403,192.4,68.2,159.9,34,10.3,51.3,78.8,15.1,4.3,113.7,409.1,286.4,38.8,222.9,155.6
3186.7,410.1,2419.9,3361.9,787,1541.2,110,133.9,90.8,98.4,515,219.2,108.5,227,6.3,18.4,18.4,55.5,380.4,169.1,58.6,145.4,31.8,11.3,41.4,84.4,17.4,3.7,97.3,311,272.7,38.3,221.2,110.4
2562.7,343.2,2249.8,3131.8,518.6,1344.5,97.5,133.1,61.2,82.5,395.6,247.8,104.1,175.8,5.6,18.1,15.2,52.1,351.1,153.3,53.1,102.6,27.3,8.7,33.9,70.2,13.6,4,101.1,236.3,236.4,29.6,208,56.4
3206.4,417.1,2545.2,3365.5,911.2,1671.5,113,166.3,103.7,102.7,538.5,315,107.1,232.2,6.3,21.9,23.7,50.8,414.1,186.2,66.7,136.3,32.5,10.2,40.3,93.8,25.1,4.5,125.2,319.6,264.1,36.9,240.4,97.8
3794.4,459.6,2632,3522.5,814.8,1716.6,117,156.2,86.8,118.6,573.3,330.4,119.1,239.7,7.8,21.4,22.8,50.3,444.6,201.9,71.9,136.1,33.4,11.9,42,89.1,15.9,4.1,116.5,320.8,319.6,33.5,222.9,68.9
3271.7,385.1,2359.5,3197.4,763.3,1465.9,114.1,136.9,73.2,109.6,479.5,309,101.3,207.2,6,16.8,17.6,42.1,381.5,177.4,62,109.5,28.1,10.1,37,82.5,14.6,4.8,103.3,295.1,260.2,36.9,170.8,73.5
