,Union europeenne,France,Luxembourg,Pays-Bas,Allemagne,Italie,Irlande,Danemark,Grece,Portugal,Espagne,Suede,Finlande,Autriche,Malte,Estonie,Lettonie,Lituanie,Pologne,Tchequie,Slovaquie,Hongrie,Slovenie,Chypre,Bulgarie,Roumanie,Croatie,Autres pays europeens,Royaume-Uni,Islande,Norvege,Suisse,Turquie,Ukraine,Russie,Autres pays d'Europe
Jan-95,6543.8,1831.3,211.2,1231,1837.3,525,32.2,85.7,58.9,66.1,279.1,125.7,41.1,83.9,2.2,2.2,1.2,2.8,46.2,26.6,5.8,23.9,7.2,3.7,4.5,4.4,4.6,991.3,737.1,1.3,25.6,122.4,42.7,5.6,50.8,5.8
Feb-95,6635,1734,232.8,1213.6,1952.4,546.6,35.5,85.8,57,78.3,292.2,130.1,40.7,92,2.7,2.8,2.1,3.4,43.8,28.6,5.7,25.5,6.9,4.8,5.8,6.9,4.9,1124.8,756.5,1.9,72.8,176.8,40.8,7.1,65.4,3.6
Mar-95,7661.4,1943.3,272.5,1407.9,2291.9,591,44.4,101.7,65.9,85.7,323.4,173.9,51.4,115.6,4.3,3.3,3.3,3.4,55.4,36,8.9,35.1,10.3,8,7.7,9.6,7.2,1261.9,866.4,2.5,42.9,211.1,60.6,13.7,54.3,10.2
Apr-95,6372.2,1679.6,232,1226.1,1893.3,452,36,81.2,47.4,62.8,260.6,117.3,41.6,92.3,1.9,2.9,2.7,3,46.6,28.7,6.3,25.5,9,4.1,6.4,6.3,6.5,1025.6,721.7,2.3,33.6,162,51.6,11.2,37.8,5.5
May-95,6856,1779.9,239.9,1286.4,2071.9,531.1,36.1,89.9,51.8,70.9,258.9,124.3,41.3,104.4,2.3,2.3,4.5,2.2,58,33,7.7,24.7,10.7,4.8,4.4,8,6.6,1119.2,797.4,1.8,43.4,172.3,49.6,5.3,41.7,7.6
Jun-95,7143.1,1921.3,241,1387.6,2044.3,532.7,40,98.4,56.8,74.8,260.9,146.2,44.6,96.8,2.9,2.3,2.8,2.5,62.4,42.1,18.7,27.7,11.3,4.2,5.5,9.5,5.6,1269.3,898.5,2.1,47.5,195.6,54.7,6.8,56,8.2
Jul-95,5433.1,1526,213.5,1004,1554.1,398,27.9,64,43.8,55.9,223.9,73.7,29.1,71.1,2.4,1.7,2.6,2.1,47.6,27,13.7,20.9,7.7,3.6,4.7,9.6,4.5,908.4,636.1,2.2,26.4,143.5,44.5,4.2,44.3,7.2
Aug-95,5538.9,1334.6,207.2,1183.2,1759,274.1,29.5,82.9,38.9,53.4,190.4,117.3,40.7,81.7,5.8,1.9,4.4,3.1,47.3,28.9,4.7,22.8,6.4,2.8,5.3,8,4.6,958.9,655.8,1.4,36.8,147.7,50.1,8.2,52.7,6.3
Sep-95,7065.7,1823.2,219.3,1432.3,2039.1,538.5,55.6,95.3,56,73.7,279.1,135.5,43.4,96.7,2,2.9,3.8,3.4,64.1,33.5,8.9,25.8,9,3.6,5.3,9.4,6.2,1146.1,773,2.4,41.2,190.6,50.2,9.5,70.9,8.2
Oct-95,7141.3,1831.3,230.6,1405.6,2084.9,559.8,32.4,95.6,54.5,71.9,286.6,145.7,43.5,99,6.6,3.1,3.9,3.4,65.2,34.7,18.5,26.4,10.3,5.5,7.5,8.5,6.6,1238,849.6,2.1,42.4,175.3,68.2,9.2,82.1,9
Nov-95,6821.6,1744.7,219.9,1364.4,1960.3,539,38,93.6,53.4,69.9,265.2,140.4,54.8,95,3.2,2.8,3.2,3.4,61.7,40,8.7,25.5,9.3,3.8,6.6,8.3,6.6,1211.2,840.4,2.1,37.5,160.1,69.3,9.8,84.4,7.6
Dec-95,5941.2,1574.5,222.1,1172.2,1705.5,434.2,30,79.9,50.5,63.6,225.9,116,39.5,70.5,1.7,2.1,5.2,3.8,59.4,31.3,7,17.8,6.5,2.8,5.2,8.1,6,890.2,587.9,1.6,29.2,114.9,66.5,9.6,71.8,8.7
Jan-96,6522.5,1787.7,217.9,1217.5,1871.4,504.9,35.7,83,51.3,67.8,260.2,125.5,45.4,84.7,1.9,1.9,4.9,2.6,58.6,32.5,6.7,27.6,9.7,4,6.5,5.4,7.2,1067.4,746.2,1.6,35.4,152.1,49.5,6.3,66.6,9.7
Feb-96,6675.4,1747.9,241.7,1255.8,1920.4,508.9,42.2,84,60.7,73,284.2,125.2,49.1,94.1,5.5,3.2,2.7,2.9,60.8,38.5,9.1,30.1,11.3,3.5,5.3,9.3,6,1148.7,754.5,1.8,36.8,174.6,59.6,10.8,100.4,10.2
Mar-96,7130.6,1828.7,263.7,1430.8,2075.8,526.9,44.5,85.9,54.8,75.8,278.3,124.6,49.8,103.1,2.4,2.8,3.2,3.5,59.3,41.7,7.7,28.1,13.5,4.2,6,8.9,6.6,1167.5,772.3,2.2,45.2,165.3,67.2,23.9,78.8,12.7
Apr-96,6855.6,1801.2,256.1,1331.4,1970.5,486.5,43.1,82.9,57.9,68,280.9,126,44.6,104,2.9,2.4,2.5,3.5,72.1,43.6,7.9,25.5,15.8,3.5,5.1,10.6,7.2,1137.6,779.8,1.9,35.5,151.2,68.9,11.6,77.5,11.2
May-96,6704.5,1665.1,241.3,1372.5,1881.5,513.5,37,84.6,55.6,72.7,284.2,124.1,50.2,103.6,3.3,2.3,4.2,4.2,79.1,49.2,6.5,29.5,11.7,3.3,4.5,12.9,7.9,1223.4,840.1,2.8,41.7,163.8,70.2,7.3,86.1,11.4
Jun-96,6908.6,1792.4,237.6,1430.9,1887,499.6,38.7,92.4,58.4,74.9,298.5,134.8,48.4,92.4,2.3,2.1,6.2,4,78.9,52.4,8.7,29.9,11.8,3.8,3.8,10.8,8,1162.6,821.7,1.8,41.2,138.6,74.5,8.1,66.2,10.6
Jul-96,6066.2,1609.2,221,1188.5,1740,447.5,29.1,66.5,51.2,63.3,249.5,82,37.8,89.2,2.5,2.5,2.8,4,70.4,40.7,7.2,25.6,10.5,2.7,3.8,11.7,7,1103,706.4,2.5,30.6,159.8,95.1,10,86.9,11.7
Aug-96,5302.9,1305.7,193.2,1168.3,1557.5,288.9,29.1,77.6,51.5,48.4,171.9,120.5,45.6,81.5,1.5,2.1,3.7,4,62,34.7,7.9,21.2,6.9,2.5,2.1,9.3,5.2,932.8,635.6,1.2,31.9,126.1,53.8,9.4,62.3,12.5
Sep-96,7221.1,1852.2,221.9,1501.2,2041.9,552.7,38.9,88.5,57.3,88.7,281.5,138.3,49,113.5,2,2.5,3.2,5.1,72.4,39.3,8.4,27.9,11.1,4.5,3,9.3,7,1205.9,843.4,2.3,42.3,143.2,79.7,8.4,72,14.6
Oct-96,7594.4,1933.4,270.2,1484.5,2160.9,571.4,48.8,93.8,66.4,92.5,334.7,168.7,50.2,103,3.1,3.1,3.8,5.7,75.5,44.9,10.8,30.1,11.8,3.8,3.8,11.9,7.6,1347.6,925.1,2.1,46.3,176.3,74.7,13.3,89.5,20.2
Nov-96,6666.8,1634.9,232.5,1323.6,1907.3,523.4,43.1,77.9,60.2,73.8,291,155.8,49.9,86.2,2.2,3.1,3.3,6.3,71.6,41.5,7,28.9,13.4,3.1,3.2,15.8,7.5,1277.9,860.4,1.8,47.1,178.2,87.3,9.9,79.3,13.9
Dec-96,6121.3,1682,243.2,1244,1611.6,425.9,39.4,79.8,53.6,74.9,268.8,109.8,44,81,1.5,2.2,2.6,6.3,51.5,29.8,7.1,22.7,11.8,2.7,3.2,15.2,6.7,1083.1,724.9,1.9,31.7,138.9,78.8,9.3,82.7,14.9
Jan-97,6608.8,1805.5,242.9,1253,1760.3,514.7,41.9,83.9,52,75.5,289.2,140.4,47.5,101.4,2.3,3.7,2.5,4.4,70.8,33.5,8,38,10.2,3.2,3.1,15,6.1,1239.4,845.6,1.6,45.6,185.7,61.4,6.2,76.1,17.2
Feb-97,6796.9,1811.7,242.5,1293.8,1859.5,495,44.7,83.1,57.1,79,327.5,143.7,54.5,104,1.8,4,3.7,5.5,72.3,33.4,8.8,36.7,10,4,4.1,9.5,6.9,1325.9,894.2,2.2,38.7,192.1,77,12.7,92.9,16
Mar-97,7319.2,1864.3,265,1456.4,2026.8,541.5,45.6,89.2,60,84.3,321.8,147.5,54.3,115.7,10.9,3.3,3.8,6.4,78.8,40.2,12.9,44.3,9.7,9.2,6.3,11.4,9.7,1424.2,953.2,2,41,210.7,89,22.4,91,14.8
Apr-97,7556.1,1930.8,252.5,1487.1,2062.5,560.4,49.3,114.5,62.2,83.3,319.9,171.3,84.7,120.7,2.9,3.8,4.3,7.3,89.7,51,11.8,42.4,9.5,7.9,6.5,12.1,7.7,1401.7,947,2.3,45.1,200.6,86.1,16.9,89.8,13.8
May-97,6733.6,1668.6,236.4,1344.5,1852,498,47.7,86.3,61.2,76.4,329.6,141.3,63.6,101,2.3,4,6.1,6,85.4,40.6,9.8,40,8.4,4.5,3.9,8.4,7.7,1356.9,922.6,2.9,40.8,192,86.4,23.2,77.3,11.7
Jun-97,7580.9,1926.7,243.9,1549.5,2110.2,555.2,41.9,100.6,61.6,80.9,331.2,150.2,59.1,107.3,2.5,4,5,6.3,105.5,48.9,12.5,39.9,9.4,3.2,3.9,14.2,7.5,1536.1,1094.6,2.9,43.1,173.3,83.8,16.2,103.1,19.1
Jul-97,6735.4,1752.2,240.8,1268.7,1927.3,504.9,42.4,77.6,58.9,71.8,293.3,107.4,50.4,94.2,2.9,4.1,5.9,8.5,96.6,39.6,9.6,39.2,9.7,4.6,5,10.9,8.9,1495.4,1032.7,2.5,34.4,182.1,95,13.5,119.2,15.9
Aug-97,5896.6,1367,183.9,1248.7,1822.6,317.9,40.1,87.9,48.1,54,219.1,140.9,51.9,95.7,2.5,4.1,4.8,6.9,80.3,38,9.8,40.9,6.9,4,4,10,6.6,1152.7,749.7,2.4,40.7,140.5,94.3,10,100.6,14.5
Sep-97,7951.1,2005.9,238,1616.9,2178.5,613.9,50.9,107.4,65.4,86,350.1,171.2,61.9,122.7,3,4.5,7.3,5.9,100.3,46.2,11.5,59.1,12.3,4.6,5.4,13.5,8.7,1562.7,1065.9,2.9,47,182,113.4,14.9,120.6,16
Oct-97,8043.5,2073.9,264.6,1604.8,2131.8,625.5,50.5,104.2,68.2,87.5,369.4,179.7,59.2,111.2,3.2,5.1,18.4,8.1,113.1,52.7,11.9,54.2,11.5,5.1,7.6,13.6,8.6,1615.6,1071.7,4.2,52.6,174.7,118.7,15.4,162,16.4
Nov-97,7005.9,1720.3,246.7,1405,1896.9,554.5,47.2,88.7,62.1,81,325,156.4,52.1,96.1,3.1,7.1,8.8,7.6,99.9,42.1,10.3,53.5,8,3.7,6.6,15,8.3,1409.9,952.3,2.3,44.6,161.3,90.4,15.4,124.8,18.8
Dec-97,6892.9,1854.7,250.5,1432.8,1738.4,503.1,52.7,86.6,57.3,73.6,308.4,149.3,49.1,91.1,2.6,3.7,6.4,7.3,81.9,40.6,9,43.5,7.6,4,7.9,18.6,12.2,1302.8,846.2,2.7,58.3,147.3,86,14.6,127.2,20.6
Jan-98,7154.5,1892.9,214.9,1418.7,1866.3,594.6,46.7,93.7,60,85.1,318.8,161.7,60,96.1,3.1,3.1,6.9,6.1,90.2,35.8,9.2,53.9,9,3,6.8,12,5.7,1378.1,940.2,2.3,48.2,171.7,81.8,10.3,112.6,11
Feb-98,7312.8,1875.4,219.2,1432.3,1912.3,601.3,56.3,94.8,64.9,94.4,363.7,169,57.7,111.3,4.3,3.8,3.9,8.8,83.9,40.9,13,60.6,10.9,4,7.3,10.7,8,1432.6,951.7,2.8,41.9,197.5,81,16.8,126.5,14.4
Mar-98,8295.4,2128.3,269.1,1613.1,2218.4,659.6,61.4,110,77,101,380.1,187.5,65.1,127.1,3.1,4.5,6.1,9.3,94.9,49.2,13,69.4,10,4.2,8.7,13.4,11.7,1564.1,1044.8,3.4,56.5,194.5,97.4,20.5,127,19.8
Apr-98,7794.7,1967.1,251,1530.5,2162.9,578.4,51.2,91,59.2,91.1,355.7,174.9,60.8,117.2,3.6,4.7,5.2,8.5,103.9,51.2,16.3,59.3,10.8,4.6,9.6,15.1,10.9,1510.1,1006.9,2.1,49.8,215.5,97.8,15.6,108.6,13.9
May-98,7304.6,1790.4,226,1398.7,2026.3,567.6,58,87.9,66.9,92.6,372,157.1,59.3,112.4,2.6,4.7,5.8,8.4,96.4,40.8,16.2,68.3,9.4,3.6,7.7,15.2,10.1,1387.2,942.8,2.6,54.9,176.7,92.8,12.6,87.3,17.5
Jun-98,8315.4,2070.2,253.5,1602.6,2280.1,652,52.1,111.6,76.3,113.8,403.9,178.1,64.6,131.2,2.8,4.5,7.3,8.6,115.8,48.1,13,68.1,9.5,10.7,9.6,17.3,10.4,1681.8,1168.2,3.6,57.7,203.8,103.1,18,107.3,20.1
Jul-98,7159.8,1870.3,228.8,1342.5,1994.6,542.8,44.6,84.9,67.2,93,335.9,113.4,51.1,110.6,7.8,5.6,6.4,9.5,97.3,41,11.7,55.4,7.4,3.7,8.5,13.7,12.1,1469.2,1013.8,2.8,41.1,183.4,99.6,14.9,96.5,17.1
Aug-98,6003.4,1437.3,197.4,1172.8,1797.5,346.7,43.7,94.2,56,70.3,243.8,145.2,48.7,97.1,2,4.2,6.4,5.7,89.8,34.2,11.9,62.7,5.9,3.4,6.1,10.4,9.8,1132,783.8,2.3,42,144.5,63.6,14.2,70.5,11.1
Sep-98,8251.7,2112.5,259.2,1580.2,2185.2,665.3,59.6,108.7,72,105.9,404.2,193.4,57.1,128.1,2.5,5.1,4.5,8,116.3,43.6,13.2,77.2,10,5.6,6.8,17.1,10.4,1379,1006.8,3.2,52.1,181.7,90.7,8.9,21.8,13.8
Oct-98,8099.3,2072.1,244.4,1587.8,2073.9,627.3,70.8,102.8,67.5,103.6,435.3,190,61.1,125.6,2.8,4.5,5.5,7.1,115,46.9,14.4,91.5,9.1,5.1,9.1,15.9,10.4,1291.1,914,4.3,51.1,172.1,89.8,8.3,32.9,18.7
Nov-98,7463.5,1906.1,232.1,1414.3,1917.7,596.4,65.7,98.7,65.7,100.6,408.6,183.8,53.1,109.5,3.6,3.4,4.5,8.6,95.3,38.3,21,87.7,8.3,4.3,6.4,18.7,11.1,1261.7,876.1,3.5,56.1,186.6,85,8.8,30.5,15.2
Dec-98,7177.5,1786.9,250.1,1576.2,1775.2,507.8,57,93.7,65.6,93.2,381.1,162.8,53.8,105.4,2.3,2.9,3.5,7.6,88.6,35.8,13.9,69.6,7.1,7.3,7.5,13.2,9.2,1423.1,1061,2.8,51.5,163.3,76.7,9.5,44.5,13.9
Jan-99,6918.6,1815.5,229.2,1329.7,1741.8,553.2,55.2,89.1,65,99.4,394.1,140.6,53.9,99,2.8,3.3,2.4,6.4,93.9,34.9,13.8,62.3,7.7,3.2,4.1,9,9,1124.7,849,2.3,48.1,135.2,50.9,6.1,24.8,8.3
Feb-99,7021.8,1854.2,230,1318.9,1765.4,558.3,53.1,89.3,74.4,95.1,411.7,156.6,49.7,104.9,3.6,4.3,4,5.7,82.1,40.2,11.8,72.7,7.1,4.5,4.9,10.6,8.7,1210.9,879.7,2.9,47.8,155.5,67.4,9.3,37,11.3
Mar-99,8433.4,2173.7,296.6,1652.6,2170.1,637.5,64.1,108.5,77.6,111.8,455.1,196,62.5,129.6,4.4,3.3,5.5,7.5,99,46.4,14.6,65.8,8.5,9.3,8.9,13,11.7,1450.1,1085,3.6,47.3,176,70.9,12,42.4,12.9
Apr-99,7583.4,1909.7,257.8,1495.9,1960.6,586.8,55.6,96.8,70.9,101.8,416.7,184.6,54.8,112.7,4,4.3,3.4,8.3,99.4,41.9,16.2,56,9.7,4.1,8.6,11.5,11.4,1333.4,942.1,2.8,55.1,188.8,78.9,8.7,44.2,12.8
May-99,7143.3,1855.8,238.6,1404,1799,539.1,60.7,90.9,73.6,86.4,395.5,154.3,56.9,107.3,4.5,3.4,4.8,7,106.3,39.1,14.9,59,7.6,4.1,10.2,13.1,7.2,1195.5,862.5,2.7,48.4,135.2,86.4,10.4,39.6,10.3
Jun-99,8212,2142.6,263.6,1630.6,2073.1,602.9,60.7,109.7,73.4,107.5,457.9,183.5,63.4,120.4,5.3,4.1,7.2,8.7,106,47.1,16.1,73.7,12,8.6,11.3,12.9,9.6,1435.4,1041.5,3.8,54.2,170.9,93.4,12.9,39.9,18.9
Jul-99,6900.4,1847.2,236.4,1327.3,1711.4,525.7,55.4,83.8,56.8,82.7,402.4,138.9,46.7,109.3,3.5,3.9,7.7,6.9,101.5,43.3,8.1,61.6,8.2,3.4,5.9,13,9.3,1316,958.4,3.3,40.9,172.1,68.2,11.7,46.6,14.8
Aug-99,6406.7,1577,216.1,1274,1796.3,335.1,44.6,99.8,60.3,75.5,339.6,146.3,54.3,106.1,3,4,3.7,9.3,105.9,39.9,12.3,68.1,8.2,4.2,4.1,10.5,8.6,1290.8,961.9,2.4,44.9,148.6,68,9,41.3,14.6
Sep-99,8677.1,2119.1,261.1,1674.1,2235.4,663.9,203.4,107.9,77.1,116,511.4,196.2,57.3,132.1,4.4,4.9,4.9,10.8,112.1,49.4,14.5,69.9,11,9.2,5.7,15.8,9.4,1509.1,1094.9,9.7,50.6,181,97.4,13.5,47,15.1
Oct-99,8425.8,2159.1,281.9,1605.1,2104.8,648.7,65,124.1,87.6,107.3,512.8,204.9,64.8,127.3,3.9,6.1,7.2,8.1,120.9,47.8,15.7,77,11.1,4.6,5.7,16.1,8.1,1528.8,1110.3,4.5,50,189.6,89.4,16.5,52.5,16
Nov-99,8307.9,2100.6,291.7,1593.8,2049,657.7,72.8,118.4,79.6,104.7,495.4,217.5,59.9,121.8,4.1,3.7,8.4,7.9,120.2,51,15.7,77.4,11.4,6.5,7.6,22,9.3,1493,1112.8,3.8,49.5,169.5,82.3,11.8,49.6,13.8
Dec-99,8058.4,2127.5,325.8,1590.3,2002.2,616,60.5,97,71.4,90.1,436.9,175.4,61.7,116.8,4,4.1,5,8.1,100.9,44.6,13.4,56.2,13.1,5.5,7.5,17.3,7.3,1436.4,1005.3,3.1,50,194.7,96.6,17.1,53.6,16
Jan-00,7526.2,1998.2,291.4,1451.8,1807.2,624.1,61.4,98.5,60.9,96.8,406.6,189.8,62.1,99.1,3.5,2.7,3.9,6.8,98,41.9,13.5,70.7,9.7,5.9,4.8,11.1,5.8,1373,996.2,3.2,45,180.4,86.7,11,40.2,10.3
Feb-00,8531.7,2250.1,336.2,1600.7,2072.6,689,69.6,106.1,82.9,106.2,496.4,212.3,72.1,128.4,4,4.3,3.9,6.7,105.9,49.3,13.2,78.5,10.6,5.5,6.7,11.7,8.6,1568.4,1134.5,3.9,49.8,217.4,88.8,10.8,49.6,13.6
Mar-00,9598.9,2435.5,358.8,1848.9,2392.5,759.4,93.3,115.9,96,122.2,564.9,229,81.7,137.6,4.6,4.4,5.7,8.7,119.8,56.4,18.7,90.2,12,8.4,7.8,16.5,10,1888.8,1345,2.9,54.8,283,113.4,15.1,55.2,19.4
Apr-00,8307,2114.3,303,1651,2061,652.9,83.9,95.6,75,104.1,473.7,193,67.7,119.2,3.5,5.2,3.9,9,101.8,52.3,15.5,69.5,12.3,6.6,6.7,17.5,8.8,1518.8,1108.9,5.6,44.5,161.3,116.5,11.9,59,11.2
May-00,9494.1,2388.1,333.5,1853.8,2359.7,775.6,88.6,123.6,91.5,126.8,568.5,215.2,74.2,123.8,6.6,5.6,5.7,10.5,128.7,63.8,17.7,70.6,13.5,9,6.8,21.1,11.4,1875,1330.1,4.1,70.3,240.7,125.7,15.6,68.9,19.5
Jun-00,8732.5,2279.5,299.6,1716.4,2142.4,709.7,89.5,106.4,95.5,113.3,480.7,171.6,62.2,112.9,3.9,5.4,4.8,8.9,118.1,63.4,19.5,70.7,12,7.1,9,20.6,9.3,1670.2,1189.5,4.4,48.6,204.9,105.1,16.2,86,15.5
Jul-00,7897.4,2073.5,270.4,1390.5,2051.2,705.7,74.7,86.8,86.4,94.2,444.5,155.7,50.7,109.3,3,4.7,5.2,8,106.3,52.5,14.6,58.8,10.1,5.8,6.5,18.8,9.5,1573.5,1135.3,3,35.2,175.2,122.1,12.5,71.6,18.6
Aug-00,7460.1,1808.8,257.4,1546.8,2046.1,464.6,67.4,111.7,68.7,84,327.2,176.6,56.8,109.8,3.2,4.7,4.9,7.6,111.8,68.6,16.7,65.6,10.1,5.5,8.1,19.5,8,1541.9,1088.4,4.9,43.9,182,128.8,13,65.6,15.3
Sep-00,9535.3,2364.3,321,1880.3,2514.3,752.5,92.7,123.1,102.8,110.5,476.8,217.6,64.8,138.8,3.7,5.2,6.8,11.9,124.4,71.3,17.2,76.2,11.8,9.1,8.6,18.9,10.7,1719.5,1190.3,6,48.8,211.4,154.6,18.9,72.4,17.1
Oct-00,10121.5,2655,345.3,2152,2371.9,783.3,100.8,125.3,99.5,134.3,514.8,208.6,71.2,133,10.9,5.9,5.8,9.1,138,88.6,22.6,78.9,11.8,8.5,11.7,21.4,13.2,1862.2,1271.4,3.9,62.3,231.8,163.5,18.6,92.6,18.2
Nov-00,9384.6,2454.9,313.7,1830.1,2354.5,663,110.7,123.1,100.1,126.8,501.1,221.1,68.7,122.3,4.5,7.3,6.6,12.5,124,68.4,19.6,70.7,15,14.8,11.2,27.5,12.4,1882.7,1320.8,4.8,52,228.3,148.9,21.8,91.7,14.4
Dec-00,8513.8,2201.7,305.3,1671.8,2092.9,657.1,105.7,104.6,78.1,108.4,477.4,205.9,61.8,129.3,3.4,5.4,4.7,10,107.7,53.9,17.4,56,10.4,7.6,7.7,18.4,11.2,1645.2,1204.1,3.3,45.1,169.9,104.7,18.6,83.4,16.1
Jan-01,9353,2444.7,322.4,1765.4,2349.4,747.1,122.3,117.4,74.8,115.8,512.6,188.6,74.4,135.5,3.7,5.2,4.4,8.7,109.5,102.2,18.3,78.1,12.1,6,7.6,16.9,10.2,1735.3,1307.9,2.8,48.9,211.2,81.7,13.8,55.3,13.7
Feb-01,9198,2357,330.3,1646.3,2383.7,765.3,126.3,107.3,85.9,108.7,531.3,191.4,77.9,132.8,4.4,5.7,4.5,8.3,109.5,78.8,21,65.1,12.8,7.2,7.3,19.2,10,1692.4,1244.7,4.1,46,226.3,70.5,15.2,66.7,19
Mar-01,10379.7,2513.6,382,1913.2,2716.6,866.8,128.7,127.4,107.8,125,639.2,197.1,85.8,149.1,5.1,5,6.2,11.3,132.6,84.3,24.8,89.2,13.3,8.5,11.8,20.9,14.5,1976.8,1422.4,3.8,50.1,295,74.1,20.7,90.7,20.1
Apr-01,8902.7,2254.2,320.4,1667.7,2307.7,699,119,106.8,85.8,95.6,496.9,165.3,63,136.1,3,5.1,6,10.6,125.6,77.7,22,71.2,12.4,6.2,9.2,22.5,14,1507.9,1118.6,3.4,41.2,173,59.3,19.3,77.7,15.4
May-01,9513.1,2382.2,332.2,1777,2458.7,757.5,93.2,112.9,94.5,114.4,552.2,230.4,77.8,137.9,4.6,5.9,6.8,14.7,134.8,68,21.8,62.9,13.5,9,9.9,23.1,16.9,1769.6,1298.4,3.6,50,213.6,71.6,19.5,93.9,19
Jun-01,9517.8,2421.3,341.4,1861.7,2326.2,741.2,101.6,113.2,93.9,118.1,597.3,189.2,66.5,127.4,5.5,5.8,7.8,14.2,134.7,85.1,21.2,66.9,14.2,9.4,11.6,30.9,11.6,1785.5,1304.8,2.7,53.8,215.2,71.3,21.7,92.1,23.8
Jul-01,8487.4,2230.7,300.9,1491.3,2206.1,701.5,74.3,95.7,74.5,94,528.1,127.6,56.8,113.3,3.8,6,7.5,12.9,138.4,71.6,18.7,67.5,11.4,5.5,10.1,26.9,12.3,1674.3,1221.1,4.4,47.5,200.5,72.7,18.1,93.2,16.8
Aug-01,7661.4,1779.7,282.1,1583.1,2160.5,485.5,72.2,113.8,65,78.7,364.9,153.5,64.9,111.7,3.6,5.5,5.9,10.6,114.9,63.8,18.1,61.2,10.3,5.5,10.8,25,10.9,1556,1152.3,3.8,42.7,168.7,68.9,18.2,79.6,21.7
Sep-01,9082.1,2303.5,289.3,1724.6,2335.9,776.5,75.8,106.8,81.2,98.8,534.7,171,66.7,138.2,4.4,6.6,6.3,13.1,129.9,69.4,22.4,57,14,5.7,11.3,25.5,13.8,1772.1,1305.5,3.3,43.2,221.4,67,18.8,93.1,19.9
Oct-01,9759.9,2432,326,1880,2490.1,826.7,84.4,123.9,95.6,107.9,559.4,190.8,68.8,150.4,4.7,7.8,6.2,15.7,135.4,84.2,23.5,58.7,14.7,9.5,15.1,34.9,13.5,1858.6,1333.2,4.6,50.5,226.3,79,22.1,112.1,30.7
Nov-01,8951.4,2219,297,1742.7,2259.5,766.2,96.5,106.6,74.2,98.7,487.5,172.8,67.5,137.1,11.9,6.6,9,13.1,135.1,70.8,22.3,69,13.4,7,10.6,45.3,12.1,1723.3,1243.9,3.4,42.7,203.7,68.1,29.1,106.5,25.9
Dec-01,7732,1910.1,279.2,1546.7,1980.4,590,92.7,86.6,82.4,88.8,424.5,192.9,49.1,109.6,3.1,5.3,5.2,9.4,108,56.9,16.3,42.6,10.7,5.2,6.8,20.6,8.7,1381.2,996.9,1.8,33.1,144.7,63.3,24.9,95.7,20.8
Jan-02,8779.2,2203.2,306.9,1708.8,2162.7,773.6,86.8,105.9,70.6,106.3,509.6,180.7,64.7,134.3,4.3,5.4,5,11.1,127.5,68.3,20.1,64,16.3,4.9,8.4,18.4,11.5,1726.9,1307.1,2.9,42.7,182.8,76.7,22.4,76.5,15.8
Feb-02,8553.2,2183.6,309.4,1621.6,2132.8,732.8,90.2,99.9,78.2,94.8,477.8,169.9,66.4,125.1,8.9,6.9,5.4,10.7,127.6,66.9,19.9,68.7,11.3,5.6,8.5,19.7,10.7,1831.9,1389.1,2.5,44.6,178,80.3,24.6,93.3,19.4
Mar-02,9623.2,2424.2,348.8,1879.9,2337.4,839.3,124.3,119,88.4,108.8,522,190.2,69,146.3,5.3,7.3,5.9,12.5,152,76.1,25.3,67.9,15.8,8.8,8.9,24.6,15.1,2090.7,1562,2.4,50,245.2,94.4,27,91.3,18.4
Apr-02,9442.5,2421.5,333.9,1851.5,2309.2,757.9,108.7,109.2,85.3,95.3,505.9,198,69.1,146.6,3.8,7.5,7.7,16,156,95.4,26.5,63.4,14.1,6.7,9.7,28.3,15.4,1724.4,1323.7,2.7,56.8,118.6,88.4,24.4,90.9,18.8
May-02,9324.1,2258.3,304.4,1860.9,2285.3,785.2,98.8,113.2,86.4,105.7,541.8,202.9,70.7,146.7,4.3,8.7,7.3,17.3,161.4,92.3,23.4,71.9,13.6,7.4,10.9,29.4,16,1824,1329.3,3,54.4,174.7,107.9,24.1,111.3,19.3
Jun-02,9264.6,2335.2,310.1,1804.9,2382.5,720.4,82,119.3,82.5,91,519,179.7,71.9,142.9,4.3,6.6,7.8,13.9,137.8,83.5,27,63.4,16.5,6.5,12.4,31,12.5,1684.9,1204.7,2.8,52.5,197.2,97.9,20.4,88.1,21.2
Jul-02,8788.5,2244,333,1607.5,2315,692,78.4,99.7,88,83.3,497.7,142.6,58,130,4.3,8.7,7.4,14.5,136.5,79.3,20.7,66.8,14.7,7.1,11.9,32.3,14.9,1783.9,1307.8,2.8,41.9,182,114.5,24.5,88.2,22.3
Aug-02,7450,1730.3,274.9,1585.5,1993.4,454.4,76.6,100.7,71.4,64.9,362.2,179.6,64.3,112.4,3.3,5,5.9,9,130.3,70.5,19.2,72.5,12.9,6.8,7.1,26.5,10.2,1508.9,1134.2,2.5,42.5,143.5,68.6,23.7,75.2,18.7
Sep-02,9530.1,2430.4,317.3,1863.3,2334.5,782.7,89.1,113.6,94.9,103.2,565.2,193.8,69.8,147.4,3.8,8.3,7.2,13.3,147.4,81.1,24.9,62.8,14.8,6.9,9.4,31.9,13.1,1891.5,1401.3,2.8,56.2,182.3,116.9,19.7,94.2,18.1
Oct-02,10411.8,2607,341.4,1995.8,2628.7,840.9,141.9,118.7,97.3,100.3,590.7,219.6,77.6,151.4,5.2,9.9,11.1,15.1,156.9,99.1,31.3,85,16.7,7.3,12.7,31.6,18.6,1950.2,1427.5,3.2,55.3,185.8,126.2,23,104.5,24.6
Nov-02,9198.7,2302.3,316.8,1727.3,2321.5,752.6,112.5,112.3,82.5,92.8,527.2,210.4,66.6,144.3,4.4,7.6,8.8,15.5,137.4,81.9,31.4,68,13.4,6.7,10.9,27.7,15.8,1737.4,1243.4,2.8,46.1,184.4,112.8,33.1,93.9,20.8
Dec-02,8257.7,2125.2,343.8,1680.2,1926,689.8,82,95.9,76.3,80.1,467.2,171.1,60.2,123.1,6.4,5.8,5.9,11.5,111.1,58.8,26.2,52.9,9.4,5.9,7.9,24,11,1469.8,1055,2.8,38.3,145.8,100.4,21.6,82.3,23.6
Jan-03,8874.3,2367.9,317,1755.1,2116.6,729.2,93.1,101.3,80.5,82.9,451.4,187.4,74.7,126.9,7.2,7.2,5.6,11.5,128.6,74.9,25.4,64,13.9,5.8,10.7,24,11.7,1610.7,1166.6,2.4,47.7,172.1,106.8,16,81.1,18
Feb-03,8925.3,2271.3,332.3,1706.9,2236.2,724.4,95.2,107.4,81.7,87,482,189.5,69.7,137.1,5.2,8.2,7,12.2,130.1,74.6,30.3,69.9,13.9,6.2,8.8,25.5,12.8,1595.1,1145.6,2.5,44.1,171.4,96.5,24.7,93.9,16.4
Mar-03,9922.7,2505.9,376.6,1870.4,2502.5,793.8,105.8,128.3,87.7,94.5,565.1,208.3,82.5,152.7,6,6.5,6.8,12.8,135.3,82.3,28.6,89.8,14.4,7,12.2,32.5,14.3,1800.7,1239.6,3.5,51.9,252.6,114,25,95.8,18.4
Apr-03,9641.6,2433.9,357.4,1803.4,2499.3,727.1,87.8,106.3,80.9,84,516.6,245.2,77.9,151.4,5.7,6.9,6.2,15.2,145.4,86.5,27.3,91,16,6.2,14.9,32.4,16.9,1641,1179.1,3.2,52,164.8,107.2,24.8,89.6,20.4
May-03,9195.6,2272.7,310,1714.1,2388.9,754.5,83.2,108.8,77.8,83.3,530.7,202.7,75.2,145.9,4.3,7.7,6.5,13.3,138.5,72,27.1,97.9,15.9,6.4,12.9,31.8,13.5,1569.6,1115.6,3.4,54.4,163.2,106.2,20.8,86.6,19.3
Jun-03,9650.9,2520.2,317.2,1749.4,2495.3,761.4,72.3,111.9,85.4,92.1,562.8,203,69,141.5,4.5,8.5,5.8,13.9,141.9,89.3,26.2,97.7,17.4,5.7,13,30.5,15,1694.3,1230.9,3.8,46.4,178.7,104.1,21.5,85.8,23.1
Jul-03,8864.6,2248.8,290.3,1586.7,2377.1,693.4,63,99,76.5,85.3,532,136.8,62.9,153.3,3.7,8.7,6.6,14.5,151.8,80.3,24,91.3,17.1,5.5,11.8,30.8,13.4,1681.2,1208.2,3.7,41,161.8,118.7,28.8,97.7,21.4
Aug-03,7080,1640.1,256.9,1411.9,2009.8,398.7,58.4,99.8,64.6,63.2,371.6,155.1,60.2,110.7,3.5,6.5,5.5,10.3,125.8,71.1,22.2,71.6,13,4.7,8.6,24.8,11.2,1399.9,996.8,3.2,46.8,130.9,102.4,25,77.9,16.8
Sep-03,9845.7,2525.2,330.1,1834.3,2459.5,777.2,82.1,113.4,93.7,91.7,552.8,237.7,78.5,149.9,4.8,9.7,7.4,13.9,159.6,112.4,27.2,95.6,20.9,6.9,12.2,34.4,14.6,1800.9,1272.7,4.2,49.7,175.2,138.5,27.5,107.7,25.4
Oct-03,10324,2589.1,360.8,1918,2671.1,789.7,92.8,124.5,94.1,102.7,588.7,229,81.5,157.6,6.7,9.7,6.8,17.8,170.3,95.1,32.5,93.9,21.9,6.2,13.4,32.4,17.9,1824.7,1256.2,3.5,55.3,210.1,145.6,27.4,102.4,24.1
Nov-03,9214.8,2209.6,311.6,1687.9,2438.3,757.2,82.2,107.2,84.1,86.5,556.2,190.9,69.8,155.6,6.2,9.8,6.2,13,164.8,86.1,27.8,78,24.2,5.1,14.2,31.1,11.2,1676.9,1173.3,4.1,48.3,178.8,130.3,26.7,94.3,21.1
Dec-03,8876.1,2315.3,317.5,1741.3,2277.7,644.4,84.4,101.8,82.4,76.5,485.5,176.1,68.3,130.2,6.3,6.4,5.4,11.1,117.4,68.1,23.5,61.6,19.1,5.3,12.9,25.9,11.8,1668.7,1165.2,3,42,157.7,142.7,29.2,101.7,27.1
Jan-04,8986.4,2368.1,322.5,1681.3,2250.7,692,92.9,107.2,80.6,80.2,489.5,177.4,74.6,138.7,6.1,6.6,4.9,10.7,139.9,76.2,31.5,80.7,16.3,6.2,12.2,27.1,12.5,1606.5,1168,2.7,44.5,153.3,128.6,16.6,73.4,19.5
Feb-04,9233.8,2402.2,356.8,1694.7,2275.2,739.8,91.4,107,91.7,80.8,556.7,172.6,70.2,136.3,5.1,7.3,6,10.5,167,84.6,33.1,64.1,17.5,6.3,12.6,29.9,14.4,1709.4,1225.4,2.8,43.2,161.3,133.9,21.8,93.2,27.8
Mar-04,11133.8,2832.5,420.2,2067.4,2773.8,891.6,125.1,137.4,100.9,105.6,630.1,239.6,89.6,181.6,4.9,9,6.9,14,207.9,102,36.1,68.1,17.8,7.2,12.8,35.3,16.5,1909.3,1333.1,4,49,179.6,185.9,27.1,105.8,24.9
Apr-04,10071,2575.6,367.8,1874.9,2551.1,770.5,95,119.3,98.7,97.3,566.8,210.4,87.3,161.1,7,8.2,6.4,12.9,190.5,93.5,33.2,55.2,18.1,6,12.3,29.7,22.2,1715.4,1193.8,2.6,48.5,176.9,139,25.2,106.1,23.4
May-04,9411.1,2286.8,348.1,1746.1,2407.4,753.1,115.3,113.6,90,83.6,544.8,205.9,76.7,154.6,4.6,8.6,4,9.6,184.6,89,32.4,65.8,15.2,9.8,11.2,30.1,20.1,1625.9,1089.1,3.8,52.7,162.4,153.2,35.4,109.2,20.1
Jun-04,10792.7,2784.2,383.7,1992,2641.2,902.7,114.5,141.8,110.4,99.7,606.1,224.6,92.7,175.4,4.8,9.3,6.3,12.9,179.9,104.2,34.7,81.6,18.8,7,16.5,35.5,12.2,2015.9,1347.7,3.6,83.1,221.1,172.4,27.5,131,29.6
Jul-04,9438.1,2348,342.3,1734.2,2524.9,719.7,115.3,110.9,98.6,80.9,507.5,160.5,72.5,161.4,7.4,9.7,6.2,13.1,158.9,83.6,31.4,69.6,15.9,6.3,15.1,29.8,14.3,1719.7,1182,3.5,43.6,160.8,148.9,27.4,130.2,23.3
Aug-04,8368.3,1980.5,316.8,1647.6,2340.6,488.6,87,111.7,67.5,70.8,437.2,189.6,72,138.2,3.8,8.6,4.9,11.3,147,82,30.1,57.6,16.3,6,10.7,32.4,9.4,1598.4,1116.3,2.9,41.6,143.6,134.6,27.8,109.3,22.2
Sep-04,10868.2,2685,394.7,2047.1,2733.7,867.6,107.4,142.6,98.6,99.2,625.8,252,92.9,175.3,5.2,10.2,6.3,14.2,185.8,106.4,39.6,78.5,21.6,8.3,16.1,40.9,13.5,1952.9,1356.5,4.8,60.2,195.5,157.2,29.3,122.5,26.8
Oct-04,10940.9,2739.5,383.9,2006.3,2824.8,848.6,105.8,131.6,98.4,103.7,650.1,238.5,91.1,178.2,6.6,9.5,6.3,11.8,183.2,98.9,36.5,77.9,21.6,21,13.9,40.6,12.6,1943.9,1324.8,3.7,65.1,190.3,173.8,34,123.9,28.3
Nov-04,10782.9,2739.5,393.7,1958,2727.6,816.5,103.1,148.8,110.9,91.9,671.3,240.3,92.1,169.1,6.2,8.2,5.7,13.4,171.8,100.8,37.4,78,20.2,12.6,15.4,38.3,11.8,1928.7,1345.7,3.6,55.4,209,136.3,29.9,117,31.9
Dec-04,10276.2,2648.1,393.1,2047.4,2566.5,737.3,106.6,127,89.1,89,511.8,244.8,99,167.4,4,7.8,4.8,11.6,149.2,95.4,28.6,61.7,18.1,8.8,15.4,33.7,10,1748.2,1177.3,3.1,55.1,175.4,156.6,26.1,128.9,25.7
Jan-05,9894.8,2624.5,360.7,1845.2,2461.6,751.6,94.2,116.9,86,90.4,557.2,215.2,90.4,131.1,4.5,6.9,5.3,10.4,166,90.4,27.4,71.3,28.4,6.5,10.5,33.2,9,1780.3,1274.2,5,54.6,170.8,140.8,21.2,96.2,17.6
Feb-05,10319.6,2708.9,363.3,1884.7,2501.9,847,117.6,124,87.7,93.6,615.3,217.9,91.4,142.6,39.2,9.5,5.4,10.2,170.1,101.7,30.3,68.5,20.4,7.2,12.4,37.5,11.2,1835.4,1269,5,56.1,196.5,139.6,21.6,127.2,20.3
Mar-05,11956.8,3236.7,437,2157.9,2886.3,916.8,136.7,145.8,97.9,127.7,682.6,259.1,103.8,172.1,5.4,9.6,8,12.4,212.3,115.6,36,89,25.5,10.5,14.4,44.5,13,2122.1,1381.4,4.9,57.6,314.4,163.2,32.3,144.8,23.5
Apr-05,11160.8,2844.2,400.7,2052.8,2884.5,809.6,133.6,128.9,97.9,106.3,660.1,231.4,99,160.9,4.8,11.3,6.7,13.7,200.3,104,33,82.6,18.7,7.3,16.3,38.3,14,1849.9,1228.6,5.4,61.6,171.8,181,28.9,147.7,24.9
May-05,10498.7,2804.3,375.3,1918.5,2538.3,791.2,131.4,119,83.8,99,620,232.1,86.7,153.5,11.7,11.6,7,14.7,178.4,103.5,33.6,82.8,22,7.7,16.2,44.1,12.3,1764.8,1156.9,5.3,59.5,193.3,155,28.4,142.3,24.3
Jun-05,11417,2889.6,393.6,2181.5,2854.5,842.4,122.3,155.4,92.6,110.9,689.2,234.3,99.2,161.2,5.8,11.2,7.8,17.1,203.3,111.5,38.2,85.4,23.9,7.9,18.3,45.8,14.3,2006.2,1278.3,4.3,127,208.4,174.2,27,155.1,32
Jul-05,9492.1,2414.8,381.2,1771.4,2393.9,722.6,116.8,117.7,87.9,92.7,522,161.5,70.3,141.6,4.9,10.8,6.5,15.5,180.7,93.3,26,68.1,19,5.9,14.3,40.4,12.5,1694.9,1092.1,3.9,101.8,169.8,157.3,21.7,124.2,24.2
Aug-05,9215.9,2165,334,1903.7,2528.7,520.9,113.9,128.7,72.3,78.3,443.8,194.7,83.8,137.2,4.3,10.5,6.5,13.1,182,101.3,33.6,74.3,18.5,6.4,14.9,36.7,8.9,1711.8,1168.5,4.7,47.7,156.9,147.7,24.1,133.7,28.5
Sep-05,11614.8,2892.4,433.8,2205.3,2846.4,896.4,127.4,145.1,108.3,113.1,691.7,256.6,96.5,158.9,5.1,13.3,12.3,17.5,231.9,124.2,43,88.4,24.8,8,15.6,45.9,13,2010.6,1324.5,5.1,70.7,214.5,186.4,30.8,146.1,32.5
Oct-05,11066.9,2829.9,420.8,2163.3,2690.5,846.4,101.1,131,89.6,92.6,584.3,254.2,93.2,153.7,4.4,12.6,10.9,18.7,217.9,115.1,43.1,88,23.6,7.1,16.4,44.7,13.9,1827.5,1164.6,4.8,62.4,193.7,181.5,29.5,157.3,33.6
Nov-05,11796.3,3183.2,443.8,2217.4,2780.7,886.5,130.9,151.4,96,101,631.5,285.9,92.8,165.6,6.6,14,9.4,21.7,223.7,110.1,42.2,92.6,23.5,7.8,16.9,46.7,14.4,2184.7,1519.5,4.6,59,210.7,161.4,30,173.8,25.7
Dec-05,11226.4,3202.2,709.4,2132.4,2461.2,709.8,92.9,129.7,88.7,86.5,607.4,230,80.3,141.3,4.4,11.3,7.5,18,186.7,103.2,35.9,82.3,27.9,7.5,16,41.1,13,2001.3,1352.5,3.9,56.9,214.7,183,25.9,130.7,33.6
Jan-06,10903.9,3083.8,447.1,2012.4,2542.4,768.4,137.2,121,87,92.8,597.8,210.2,86.2,155.2,3.8,9.7,7.3,14.7,211.4,110.5,38.1,83.3,21.3,7.4,11.5,33.4,10.3,2058.6,1418.8,4.7,80.8,228.2,143,23.5,136.4,23.1
Feb-06,10864.5,2897,401,1978.5,2656.7,810,118,130.1,94.7,99.2,634.9,214.4,91.6,146.8,4.6,10.4,6.4,14.4,216.3,109,41.8,89.8,18.8,8.5,15.4,43.6,12.7,2290.4,1555.7,3.8,98.5,234.6,167.2,38.4,157.3,34.9
Mar-06,13072.7,3542.2,515.9,2399.5,3144.6,946.3,115.2,169.4,122.6,113.1,728.2,270.5,116.9,187.8,5.7,15.3,9.4,21.8,244.4,137.9,45.3,91.5,29.4,11.1,16.9,55.4,16.5,2744.4,1736.8,6.4,131.1,389,219.5,37.2,192.5,31.8
Apr-06,10976.9,2864.9,440.3,2077.5,2714,769.2,110.6,121.9,96.9,95.9,574.1,267.4,89.1,151.4,4.4,12.3,8.4,16,216.7,118.2,48.7,77.8,22.8,9.9,15.5,40.4,12.6,1724.7,1090.1,5,63.5,169,185.9,33.7,153.2,24.4
May-06,12175.8,3067.7,411.8,2398.4,3004.5,877.7,133,145.2,105,110,681.7,260.4,110.7,179.5,5.1,15.8,9.5,18.8,248,129.2,45.8,98.3,27.2,14.8,16.7,43.1,17.8,2012.2,1259.7,12.1,72.8,231.8,195.2,34.2,178.3,28
Jun-06,12730.5,3189.9,420.6,2405.9,3239.2,921,129.2,163.9,108.7,110.5,729.3,280.5,113.9,187,5.3,15.5,9.8,22.2,251.3,145.1,48.2,92.1,29.2,15.8,22.4,59.9,14.4,2159.4,1360.2,6.3,81.7,243.3,193.8,38.4,203.4,32.2
Jul-06,10817.7,2707,396.3,2043.4,2779.6,787.7,120.6,123.3,106,84.8,635.8,176.8,86.7,171.1,4.1,13,6.9,15.8,210.5,113.6,35.4,78.9,27.2,12.8,15.5,51.1,13.7,1899,1191.8,4.4,57.3,213.3,185.4,30.6,188.3,27.9
Aug-06,10193.9,2291.8,356.6,2139.9,2855,555.5,96.4,139.9,82,73.9,492,258,95.9,151.7,4.8,14.3,9.9,15.3,209.8,122.5,42.3,76.3,24.2,10.1,16.7,44.4,14.8,1845.7,1167.9,4.5,64.2,193.4,175.4,30.7,180.7,29
Sep-06,12483.2,2978.3,401.8,2302,3223.6,942.1,111.6,228.4,103.3,103.8,715.6,311.9,115,203.1,3.7,14.4,11.3,22.1,262.1,147.7,45.3,89.7,33.1,14.5,19.8,63,15.8,2166.3,1364.1,5.9,83.3,237.9,201.9,31.6,210.6,31
Oct-06,12695.5,2998.6,405.5,2333.1,3240.4,994.4,124.7,177.4,112.8,118.4,736.5,325,127.6,204.6,5.8,14.8,12.4,24.6,281.6,156.5,52.8,88.9,31.1,18.9,27.2,67,14.9,2157,1316.4,5.8,88.5,261.7,162.8,40.1,249.7,32
Nov-06,12636.2,3073.7,422.4,2301.1,3243,950.8,136.2,159.2,106.1,110.1,710,323.8,115.5,208.8,4,17.2,13,25.2,270.3,154.9,47.5,91.8,29.4,13.8,23.5,68.7,16.3,2267.5,1406.5,5.4,71.5,274.6,197.4,36,239.8,36.4
Dec-06,10817.7,2690.3,408.8,2077.2,2729,728.5,97,144.7,83.9,91.7,592,284.5,105.2,153.6,4.5,10.7,9.8,18.7,216.1,120.2,41.5,65.6,28,14.8,23.4,62.4,15.8,1822.3,1080.5,4.5,63.1,237.5,166.5,36.8,177.8,55.6
Jan-07,12113,2977.2,410.4,2286.2,3001.7,895.2,146.1,158,113.5,108.5,731.7,276.3,108.6,183.1,4.6,13.3,12.3,32.3,257.5,148,44.4,78.1,32.4,13.7,21.7,44.8,13.5,2029.7,1326,5.4,73.7,221,186.1,27.9,161.1,28.5
Feb-07,11754.5,2917.4,392.5,2211.9,2835.5,910,141.8,159.1,109.8,100.9,698.9,273.2,111.2,172.3,5,12.3,13.8,24.5,263.6,139.7,48.9,81.6,30.4,12.4,22,50.7,14.9,2043.9,1289.3,5.2,68,258.4,189.4,29.1,172.5,31.9
Mar-07,13492.5,3286,495.9,2512.1,3331.1,1007.6,136.7,182.3,138.5,136.6,795.1,302.5,120.7,211.9,5,15.8,14.3,23.9,299.9,177,54,88.2,33.7,15.3,26.9,64.7,16.7,2333.6,1468.7,9,90.4,245.7,247.6,41.8,194.1,36.1
Apr-07,12060,2988.4,400.3,2260.1,2921.7,895.9,137.6,208.6,106.8,115.5,704,277.7,111.8,181.9,7,14.3,12.2,20.9,274.8,148.9,48.9,85.7,31.2,13.8,26.6,51.8,13.8,1918.6,1175.6,5.6,74.1,197.1,205.8,30.1,195.7,34.6
May-07,12748.3,3004.5,422.9,2409.1,3253.6,950.6,143.6,150.9,114.4,128.3,716.7,303.6,126.4,190.9,5.8,15.5,16.1,31.9,305.8,156.3,55.4,90,30.2,12.5,32.6,65.4,15.2,2082.4,1215.2,5,82.5,278.8,195.2,38.5,223,44.3
Jun-07,13341.9,3271.4,444.4,2463.6,3296.7,961.4,131,188.5,129.8,118.2,796.2,328.8,126.6,198.3,7,16.2,16.7,32,321.1,167.7,57.4,101.3,30.6,14.5,35.6,73.5,13.6,2236.3,1375.8,5.8,98.8,241.2,203.2,44.3,221.4,45.8
Jul-07,11881.3,3030.4,391.1,2243.2,2949.2,847.8,132.5,149.4,115.5,107.9,631.7,230.1,100.4,181.3,5.7,16.8,12,31.4,288,144.8,50.2,81.1,30.9,12.1,26.9,55.1,16,2178.3,1333.3,6.5,84.6,258.6,189.4,36.2,236.3,33.5
Aug-07,10804.5,2472.6,330.4,2253.4,2910.8,564.8,113.5,166.4,102.5,88.3,485.9,284.1,110.4,155.8,5.9,14.6,11.1,26,285.2,153.2,49.6,84.9,27.4,11.8,28.8,54.6,12.6,2063.7,1260.7,8.3,77.1,217.2,187.7,47.4,230.6,34.8
Sep-07,12580.7,3133.6,381.1,2350.5,3141.8,892.8,124.7,172.7,126.7,116.1,667.3,335.6,122.8,186.7,7.3,15.4,10,30.3,307.3,160.5,54.1,88.5,33.8,16,30.3,59.9,14.9,2171.3,1387.6,6,87.2,197.1,206.3,33.5,214.5,39
Oct-07,14103.2,3586.2,453.4,2723.1,3346.3,1026,142.1,168.6,137.9,141.9,759.2,322.4,131.5,209.5,8.1,18.2,16.5,31.2,347.4,197.4,59.1,97.6,32.8,14.5,35.5,79.9,16.8,2468,1488.1,8.8,106.9,309.5,202.7,42.9,264.1,45
Nov-07,13277.9,3489.1,457.2,2500.2,3093,936.4,144.6,167.7,130.5,119,709.7,312.8,112.4,214.7,6.3,14.2,16.3,27,332.2,171.4,60.5,87.5,36.2,13.9,31.1,79.9,14.2,2248.3,1377.9,6.4,95,247,196.5,39.7,234,51.8
Dec-07,10956.6,2941,452.3,2157.7,2465.5,707.6,149.9,134.1,109.3,103.8,548.1,230.8,99.2,162.7,5.2,10.3,9.8,24.8,253.6,141.1,47.1,73.1,30,8.9,21.9,56.4,12.5,1891.3,1094.7,4.5,68.8,294.5,183.3,46.5,164.6,34.4
Jan-08,12828.4,3304.5,433.8,2456.7,3098.6,920.5,138.2,172,110.4,129.3,635.6,273.9,121,188.1,5.3,15,11.8,32,326.4,166.4,57.1,79.4,34.7,13.4,26.4,65.1,12.7,2130.5,1404.1,5.2,77.5,228,193.4,28.7,166.9,26.7
Feb-08,13095,3347.6,458.9,2462.8,3173.3,912.4,146.9,181.6,111.4,133,651.1,279.7,122.1,188.8,6.3,14.8,14,31.4,351.1,180.9,64.2,80.2,37.4,15.7,33.8,80.9,14.7,2169.3,1379.3,4.9,69.4,234.7,210.3,39,186.8,44.9
Mar-08,13135.4,3413.9,487.4,2495.4,3207.7,869.6,148.3,173.3,120.1,118.5,616.4,255.8,128.2,211.4,6.9,14.4,11,27,341.9,176.2,57.6,86.7,33,14.6,28.1,72.5,19.2,2290.3,1353.5,6.7,83.8,314.6,220.3,44.5,227,39.8
Apr-08,13890.9,3576.9,501.9,2552.9,3445.7,915.2,144.5,166.9,139,115.4,723.4,300.8,129.5,208.9,7.3,18.1,12.8,28.9,366.3,187.8,65.2,93.1,39.8,14,38.2,76.9,21.5,2362.3,1354.8,6.3,103.7,269.4,247.4,48,287.7,45
May-08,12900.2,3132.8,485.1,2581,3191.8,834,118.6,173.4,120.4,119.3,619.1,298.1,125.3,181.4,5.3,17.6,12.9,29.2,339.5,191.6,61.7,91.1,36.2,16.2,35.2,66.9,16.4,2157.5,1203.1,6.3,101.9,271.7,210.5,47.5,278.1,38.3
Jun-08,13822.4,3502.9,539.1,2686.3,3406,871.5,116.2,180.3,192.2,117.3,634,275.3,126.8,217.3,6,15.9,13.3,28.8,359.4,183.2,65,94,39.4,13.8,38.5,82,18.1,2399.5,1324.1,5.1,116.1,312.9,274.2,50.2,279.1,37.7
Jul-08,13073.7,3262.2,517.2,2512,3387.6,851.4,96.2,158.8,140.8,109.6,577.3,223.2,121.5,196,6.7,16.7,13.1,47.8,331,184.2,56.8,94.7,34.6,14.6,37.2,65.6,16.6,2405.9,1321.8,5.9,95.7,321.7,233.1,48.6,337,42.1
Aug-08,10994,2469.1,399.7,2326.4,3076.7,503.6,93.6,158.1,102.9,82.7,512,259.8,106.4,155.3,5.4,10.3,10.2,28.8,286.2,154.2,46,69.6,28.8,16,27.5,52.2,12.6,1942.6,1091.9,4.7,149.1,216.4,166.5,45.4,230,38.5
Sep-08,13448,3119.4,520.4,2728.8,3455.6,878.5,104.7,190.2,114.6,121.3,578.9,319.9,140,205,6.2,16.4,13.3,30.1,365.4,198.2,62.3,102.5,39.1,11.8,32.9,74.5,17.7,2343.4,1367.1,6.1,110.7,282.6,184.9,52.3,285,54.7
Oct-08,13609.1,3486.5,459.2,2638.6,3371.3,918.9,114.3,186.5,121.1,135.4,591.8,306.3,134.2,211.4,6.6,18.9,13.1,32.7,327.7,195.1,63.5,93.2,39,14,35.7,76,18.1,2287.8,1324.7,3.3,98,276.8,186.8,57.4,287.9,52.8
Nov-08,10852.4,2979.9,372.7,2135.2,2606.4,663.2,94.4,145.2,80.3,91.7,421,246.5,98.9,180.6,5.4,11.5,8,23.3,260.6,163,50.4,81.6,32,11.6,27.1,46.5,15.5,1841.4,1065.4,3.3,75.3,248.7,135,41.1,237.9,34.6
Dec-08,9586.6,2717.5,341.4,2048,2129,552.2,93,141.4,86.9,85.7,384,184.3,78.9,134.4,5.3,7.6,6.4,24.7,238.9,127.4,35.9,63.3,21.3,11.4,19.7,36.4,11.9,1570.8,900.1,3.5,80.2,230.9,117.5,35.7,168.7,34.3
Jan-09,9908.1,2753.2,413.1,1877.1,2384.4,614.4,102.3,127.8,91.8,90.5,419.4,199,76.2,147.5,4.2,8.2,6.1,18.8,257.5,131,35.7,60.4,24,7.8,14.6,33.5,9.6,1475.8,908.7,2.7,74,243.8,91.5,12.6,121,21.4
Feb-09,9796,2931.3,319.6,1896.4,2248.8,568.5,100.1,116.5,88.4,92.9,420.7,174.7,72.6,146.6,5.1,7.8,6.6,22.6,243.2,135.1,37.7,57.1,26.5,10.4,17.2,39.8,9.9,1482.6,943,3.2,67.7,171.3,122.4,20.4,128,26.6
Mar-09,10574.5,2829.6,358,2085.2,2598.7,676.1,97.5,145.7,86.2,89.3,484.1,193.5,77.6,180.1,4.8,13.4,5.9,21.4,255,151,38,64.5,28.1,11.6,19.1,48,12,1671.2,981.3,3,71,288.3,131.2,26.7,140,29.6
Apr-09,9822,2603.1,334.6,1994.5,2406.7,594.6,101.5,125.5,75.7,95.1,414.5,202.9,81.3,151.6,4.7,10.3,6.6,26.9,253.3,137.4,34.7,63.9,26.1,11.1,17.9,37,10.5,1419.5,867.1,2.2,59.3,165.2,133.6,27,132.3,32.7
May-09,9202.8,2307.9,318.1,1890.5,2309.8,599.4,72.5,112.2,82.5,80.9,428.8,169.1,72,138.7,4.3,14.7,6.2,24.6,237.2,126.2,37.1,60,25.4,11,22,39.8,11.9,1491.6,893.5,2.2,73.3,171,142.3,25,141.7,42.4
Jun-09,10455.9,2629.7,363.7,2144.3,2550.1,662.5,90.8,129.1,121.7,87.7,504.6,215.5,80.3,167.5,5,16.3,7.7,31.2,259.2,154.4,39.3,62.2,27.8,11.6,20.9,61.5,11.3,1728.8,1027,2.7,81.8,198.6,180.6,29.2,155.3,53.7
Jul-09,9864.9,2544.3,341.8,1993.8,2411.2,659.6,79.9,106.3,96.7,91.2,451.5,139.8,74.6,225.5,4.6,11.4,5.6,27.3,246.4,137,35.9,61.6,21.8,20.2,21.6,44.3,10.9,1760.2,1100.1,2.6,66.2,192.5,176.5,26.8,160.6,35
Aug-09,8585.4,2057.5,295.5,1851.2,2332.9,393.9,83.5,121.6,69.4,73.1,363.6,169.8,67.2,138.4,4.3,9.3,8.8,23.5,229.6,122.9,31.5,50.1,21,9.1,12.4,37.7,7.8,1584.7,1026.3,2.3,64.4,142.9,165.7,26.1,128.4,28.6
Sep-09,10860.5,2809.9,351.4,2131.9,2683.8,738.8,72.8,144.1,94.1,96.8,527.3,234.7,88.4,178.7,4.2,12.2,8.1,22.6,279.6,145.9,43.7,70.8,30.2,16.3,18.2,45.2,10.8,1982.4,1261.5,3.2,98.2,205.8,207.7,24.2,144.1,37.8
Oct-09,11023.5,2840.7,383.8,2180.8,2731.2,710,95.7,137.5,92.4,102.4,515.6,244.9,90.5,167.9,5.2,9.8,10.2,24.1,280.4,149.8,46.1,71.7,30,22,19.9,49.5,11.4,1814,1249.2,3.7,73.4,154.1,163.7,22,122.2,25.8
Nov-09,10695.1,2792.4,367.6,2023.8,2741.7,693.5,79.9,137.8,136.5,90.8,480.5,217.1,74.1,179.2,5.8,10.5,7.7,24.2,270.5,137.4,40.9,67.4,26.3,12.3,21.5,45.8,9.5,1732.1,1090.7,2.4,58.9,189.9,167.2,25.8,160.5,36.7
Dec-09,9975,2730.1,373.9,2073.5,2357,587,74.9,121.8,127.6,87.4,443.2,200.4,73.3,145,4.3,7.3,7.9,17.7,229.3,114.3,35.3,48.3,27.4,16.4,19.2,42.7,9.9,1712.6,1112.6,2.1,67.9,172.9,158.7,23.9,135.8,38.7
Jan-10,9591.3,2591,351.6,1897.9,2296.2,601.4,95.2,103.4,82,93.9,437.6,197.8,78.5,146.6,4.9,7.6,6.7,18.4,255.6,124.3,38.8,54.2,23.7,12.8,14.5,46.4,10.6,1669.3,1079.1,3.3,69.3,185.3,160.5,15,137.1,19.7
Feb-10,10066.4,2719.5,355.2,1947,2403.2,680.6,116,109.3,85.5,91.9,438.1,211.8,85.8,166.2,4.7,9.1,6.7,29.5,260.2,130.7,37.8,63.7,27.2,11,17,45.2,13.6,1735,1062.6,2.1,75.2,198.4,180.8,20.4,162.7,32.8
Mar-10,12231.7,3138.2,441.6,2481.8,2990.4,777.3,116.7,163.4,94.5,105,558.1,245.4,98.9,197.5,11.7,10.2,8.9,42.3,332.8,159.7,47.5,73.4,33.1,15.4,19.4,53.1,15.6,2123.8,1242.9,4.1,66.6,279.3,227.7,28.2,223.9,51
Apr-10,11296.8,2777.2,421.7,2228.7,2972.1,680.8,142.3,132,81.7,107.9,488.5,239.3,99.6,176.6,5,11.4,17.8,36,292.8,149.1,44.7,69.9,24.1,15.7,19,49.6,13,1793,1020.9,2.5,73.5,214.5,239.7,31.2,163.6,47
May-10,10975.3,2657.4,474.1,2196.8,2723.6,701,111.8,125.7,81.4,105.5,526.6,252.8,94.3,166.7,11,10.9,9.7,37.9,308.9,145.3,43.9,62.5,27.4,14.9,19.9,52.7,12.7,1775.1,1014.8,2.9,72.3,252,185.8,33.5,181,32.8
Jun-10,12325.3,3057.8,428.3,2467.9,3142.7,825.1,104.5,157.2,92.7,110.2,531.6,282.9,107.2,183.8,5.8,13.2,9.8,45.5,320.4,161.7,62.3,76.5,30.5,17.5,20.2,58.4,11.7,2085.9,1153.1,3.8,108.7,285.1,244.7,35.4,212.4,42.7
Jul-10,10694.3,2689.6,384.6,2159.3,2780,676.8,101.4,107.7,76.2,90,467.9,201,83.6,163.2,5.1,11.5,7.1,28.8,283.3,137.8,46.7,68.3,25.8,15.7,20.2,51,11.7,2043.5,1068.1,2.8,68.7,299.8,258.1,33,215.6,97.3
Aug-10,10070.3,2291.7,350.7,2095.7,2874,502.6,115.3,130.4,64.1,83.5,384.7,224.8,89.9,153.4,4.8,10.5,9.7,43.3,281.5,139.5,45.9,63.4,24.2,12.3,17.3,46.2,11,1930.1,1078.8,2.6,82.5,239.3,218.2,29.9,241.3,37.6
Sep-10,12342.4,2907.3,428.4,2405.4,3246.1,884.7,101.5,169.4,87,108.6,510.7,308.3,116.2,220.9,5.2,13.6,8.9,37.4,338.1,159.9,55.7,81.5,32,12.6,29.1,61.6,12.3,2290.2,1254.7,3.2,95.6,288.5,306.5,41.4,258,42.2
Oct-10,12213,3188.9,438.8,2272.4,3182.3,782.9,96.2,157.6,82.8,112.6,485.4,287.5,106.7,194.9,7,15,12.2,39.3,328.7,159.4,56.5,75.4,30.3,11.9,21,56.5,10.9,2192.5,1154.9,3.6,100.3,264.9,300.6,42.2,261.5,64.6
Nov-10,12058.3,3011.3,423.1,2272.8,3170.5,805.3,132.1,149.8,75,96.8,513.5,292.2,102.8,179.1,6,12.4,9.5,36.8,336.2,159.3,50,74,32.7,24.4,22.8,58.7,11.1,2268.6,1245.9,3.4,100,284.8,268.2,44.9,278.6,42.9
Dec-10,11196.8,2891.4,401.5,2378,2726.2,681.8,100.8,131.6,76.7,90.4,469.9,262.2,99.3,167.9,4.7,11.3,8.8,45.9,278.8,137.1,44.9,62.8,30.6,14.6,20.2,49.4,10,2032.1,1210.4,2.6,76.2,271.6,241,34.7,157.7,38
Jan-11,11833.9,3119.4,426.1,2373.6,2976.4,761.1,105.1,138.1,71.5,95.3,486.5,264.5,96.7,163.4,13.8,12.1,10.6,38.2,293.3,151.5,46.2,65.7,27.9,10.4,18.4,58,10.2,2149.9,1174.3,3.4,103.3,314.8,303,22.1,192.7,36.3
Feb-11,12209.9,3215,445.4,2385.8,3046.1,794.6,118.4,128.9,73.1,103.1,512.3,262.8,108.4,185.5,4,11.9,9.6,30.9,357.6,158.1,54.7,68.5,30.4,17.2,17.5,58.1,11.9,2270.1,1169.6,3.1,89.4,346.8,318.8,31.4,243.5,67.5
Mar-11,14224,3703.1,531.3,2758.1,3596,908,136.4,169.3,85.4,117.9,558.3,335.2,126.3,221.6,5.8,16.5,13.4,45.9,394.5,186.7,60.9,90.5,36.9,17.7,29.4,64.8,14,2742.2,1472,3.7,98.2,442.9,350.2,39.7,272,63.4
Apr-11,12345.4,3105,441.8,2457.5,3230.7,776.3,126.8,131.6,67.6,95.4,486.3,283.4,107.3,186.9,5.2,15,13.1,52.9,338.1,159.4,54,74.4,30.2,12.1,23,58.5,12.8,2278.2,1184.1,3.5,92.8,338.1,283.2,39.9,282.2,54.3
May-11,13429.6,3428.5,479.8,2618.1,3502.1,842.1,110.9,162.6,76.2,95.3,533.6,327.7,120.1,207,5.4,20.7,12.8,48.2,359.1,174.8,60.6,79.7,30.9,18.9,22.6,61,31,2637.4,1427.4,3.4,109.5,362.5,297.9,44.5,342.3,50
Jun-11,13038.1,3270,474.9,2635.2,3373.6,804.6,131.1,143.3,83.9,86.9,527,297.2,118.4,200.4,4.5,19.5,10.6,49,333.8,178.6,61.8,81.7,30.4,14.2,32.3,62.1,13.2,2500.3,1337.1,2.5,111.6,338.4,308.1,47.2,285.1,70.3
Jul-11,11811.9,2922.6,482.8,2469.2,3164.3,718.7,88.7,115.6,70.3,86.2,459.4,185.1,87.6,179.1,4.3,17.9,11.9,48.3,301.3,141.3,46.7,82.6,23.6,15.3,22,54.1,13,2326.7,1146.5,2.4,198.3,289,265.5,36.9,323.5,64.6
Aug-11,11418.9,2570,440.8,2530.3,3230,529.9,105.3,143.3,97.2,68.3,373.8,257.8,97.1,167.2,4.9,16.5,10.3,45.9,310.6,156.5,49.3,81.2,25.9,12,26.1,56.1,12.7,2321.4,1193.9,3.1,113.8,279,272.5,38.7,376.6,43.8
Sep-11,13025.9,3162.5,485.5,2569.9,3384.5,798.1,108.9,173.1,119.8,95.7,521.3,326.1,110.3,224.1,6.1,23.1,13.4,53.5,357.4,169.6,59.9,90.7,37.4,13.8,27.8,76.4,16.9,2538.5,1379.3,3.6,122.2,402,262.8,49.8,276.5,42.4
Oct-11,12351.1,3150.5,472.4,2400.9,3239.3,707.6,134.7,136.8,78.4,90.5,472.6,293.2,100.3,196.6,5,18.7,13,41.7,342.7,158.9,57.1,83.3,32.4,12.2,26,71.5,14.8,2584.9,1304.7,5.6,111.4,462.4,306.5,49,299.7,45.6
Nov-11,12471.2,3147.3,481.3,2528.9,3186.6,722.2,125.1,145.7,82.5,95.2,476.7,294.6,100.2,219,5.4,25.1,12.5,43.1,338.8,160.3,50.4,84.5,30.9,12.8,25.3,63.3,13.4,2513.4,1311.9,3.5,118.9,304.7,245.8,57,421.6,49.9
Dec-11,11256.3,2835.4,491.1,2344.4,2882.7,571.3,86.9,144.2,58.3,78.6,432,269.7,108,173.8,6.3,12.9,20,43.5,292.7,155.4,49.1,68.7,22.5,13,27.8,57,10.8,1991.9,1079.8,3,82.5,306.3,229.9,37.9,204.9,47.7
Jan-12,12118.1,3082.6,468.9,2509.2,3069,748,88.3,128.6,90.2,87.1,453.2,277.1,103.4,174.3,5.2,32.2,14.1,43.3,317.6,154.9,52.3,84.7,31.4,11.2,21.7,59.9,9.6,2250.9,1248.7,3.1,77.1,391.4,236.6,29,232.5,32.4
Feb-12,12772.5,3277.7,460.9,2615.8,3273.2,834.4,89.9,141.5,67.9,80.4,498.7,272.5,117,190,5.9,15.3,14.7,51.8,346.7,159.1,55.2,73.7,30,12.3,19.8,58.2,9.7,2391.4,1269.9,3.3,80.9,398.2,271.6,46.8,284.7,36
Mar-12,14003.1,3447.1,527.1,2903,3771.3,826.3,101.1,160,64.9,86.6,484.6,311.6,120.1,217.4,11.9,20.1,17.1,57,394.2,174.3,61.2,85.6,33.5,18.7,32.2,63.6,12.7,2694.6,1409,3.3,96.5,455.8,290.2,51.2,288.1,100.5
Apr-12,12367.9,3033.9,457.7,2596.3,3343.7,704.5,80.6,134.3,55.2,88.3,454.2,269.3,99.9,192.3,5,20.6,19.9,43.5,323.8,153.9,64.5,76.7,25.3,13.3,31.9,63.8,15.5,2431.8,1198.6,3,87.6,427.4,300.8,35.9,288.2,90.4
May-12,12700,3034,505,2712.4,3277.7,781.1,112.2,140.7,65.1,77.5,489.6,309.2,120.7,184.7,6.1,19.8,17,52.1,337.1,158.7,60.8,84.3,29.2,13.4,25.7,71.6,14.1,2514.3,1281.5,3.8,119,401.5,264.4,45.9,311.7,86.6
Jun-12,12757.9,3153.1,466.8,2616.1,3355.6,757.4,83.9,150.2,65.8,76.3,503.5,290.4,123.4,195.1,6,21.8,16.8,49.3,344.3,173,64.3,95.4,29.7,12.5,33.1,63.2,11,2611.1,1284.1,3.5,94.6,457.5,269,53.7,329.1,119.7
Jul-12,11820.3,3014.8,460.9,2414.6,3147.5,696,76.3,117.8,61.6,85.1,436.3,196.6,95.9,163.2,5.8,19.9,15.5,55.5,318.1,160.1,49.2,81.1,24,24.6,27.1,59.4,13.5,2420.9,1310.7,4,70,361,262.7,40.3,284.4,87.9
Aug-12,11457.7,2636.3,426.5,2589,3108.1,530.9,79.4,133.1,64.2,79.7,440.4,276.4,98.7,171,4.7,20.1,15.8,44.4,316.4,146.6,57.1,80.4,27.4,13.8,25,62.3,9.9,2365.7,1313.5,3,104.4,271.6,266.6,40.1,297.6,69
Sep-12,12286,3022.8,441.7,2622.3,3149.4,699.4,84.5,149.4,68.5,91.6,463.6,306.6,106.6,195,6.1,17.8,16.9,48.1,336.9,160.9,61.3,84.5,32.3,11.2,29,69.7,10,2316.5,1314.1,2.8,99.1,295.7,239.3,43.7,250.4,71.4
Oct-12,13349.9,3408.6,501.8,2882.1,3318.2,752,104,153.6,82.1,89.5,498.8,315.4,105.5,193.3,6.2,17.9,23.7,42.9,364,173.7,61.3,94.7,32.1,16.6,28.9,70.5,12.5,2684.6,1537,4,99.1,323.4,279.2,45.2,305.7,90.9
Nov-12,12426.7,3086.7,487.5,2528.7,3178.8,760.7,86.8,141.4,68.7,88.3,486,323.6,113.6,187.5,5.7,18.5,18.4,47.8,332,163.3,60,91.5,27.1,11.7,30.8,70.2,11.4,2510.8,1386.4,3.7,103.9,335.5,264.1,47,316.1,53.9
Dec-12,10428.4,2673.6,407.8,2410.6,2461.2,557.7,90.3,129.4,57.7,76,392,241.8,87.8,142.6,4.4,20.1,12.9,44,272.5,120.5,44.9,68.3,21.8,11.5,22.8,46.7,9.3,1999.4,1122.7,2.3,76.4,259,236.1,40.2,211,51.7
Jan-13,12455.2,3214.3,472.9,2577.9,3137.9,758.8,89.9,141.2,58.7,80.3,524.8,254.6,109.4,189.4,9.4,18,18.1,42.8,330.6,156.1,54.7,80.4,29.2,9.9,27.7,59,9.3,2388.6,1380.8,3.5,90.8,285.3,268.5,33.3,256.3,70
Feb-13,12169.6,3199.3,448.2,2500.5,2989,731.5,117,128.8,66.2,80.1,496.3,251.2,106.4,176.6,8,16.9,16.8,45,329.8,160.4,53,104,26.8,17.7,24.8,65.2,10.1,2321.7,1323.8,2.8,82.5,287.1,269.9,48.8,251.2,55.5
Mar-13,13288.2,3431.6,491.4,2753.6,3365.1,768.5,114.5,142.7,69.8,91.5,467.4,296.4,113.9,233.6,9.9,20.5,17.1,49.6,366.8,158.8,63.1,96.4,31.9,8.1,30.3,83.4,12.3,3000.4,1856.1,3.4,90.3,328.9,291.1,44.6,303.6,82.3
Apr-13,13042.2,3363.5,486.2,2533.5,3368.8,801.1,101.6,140.7,65.3,91.4,516.7,328.2,111.2,202.9,5.3,19.8,20.3,46.3,357.2,159.7,64.3,102.3,29.9,8.3,36,71.4,10.3,2544.4,1376.8,3.4,102.5,453.9,240,47.8,244.9,75.1
May-13,12730.6,3107.1,458.2,2603,3352,800.1,104.8,144.2,63.1,94.2,478.3,287.6,110.6,186.4,5.5,22.1,19.5,58.5,349.4,166.9,64.8,95,33,10.1,27.9,73.3,14.9,2455.6,1305.6,4.1,121.3,255.5,283.7,47.7,292.2,145.6
Jun-13,12726.6,3260.8,464.1,2564.2,3250.1,717.5,85.4,136.1,65.2,81.3,514,281.7,105.3,206.7,6.4,29.5,16.3,58.9,363.7,164.2,65.3,108,49,10,36.2,75.1,11.5,2364.8,1255.4,4.1,113.7,299.9,258.9,46.8,281.9,104.3
Jul-13,12616.2,3137.8,457.6,2518.7,3374.4,776.3,96,127.2,69.5,87.9,503.8,226.4,103.5,200.2,11.4,20.1,19.4,59,345,163.9,61,98.8,30.2,10.5,34.7,70.3,12.4,2687.5,1405.4,3.8,96.8,347.4,286,59.3,332.1,156.8
Aug-13,10687.6,2390.5,388.3,2359.9,2901.4,525.7,83.8,131.5,50.5,76.6,381.6,256.5,99.4,173.4,38.2,21.1,19.1,53.5,325.1,136.7,53.5,80.6,26.7,8.8,26.7,65.4,13,2334.8,1196,3.7,106.8,298.3,238.8,46.8,243.3,201.1
Sep-13,12883.1,3223.2,476.1,2449.7,3379.8,834.5,68.3,181.5,70.2,87.1,460.2,308.7,130.2,199.1,5.5,21.6,21.3,71.4,380.5,171.1,68.2,105.9,34.8,14.4,31.3,74.1,14.5,2611.4,1456.7,3.9,138,341.8,274.5,48.1,268.6,79.9
Oct-13,13566.8,3491.3,482.4,2664.6,3426.9,799.8,77.5,150.3,75.7,104.7,524.9,337.6,122.6,213.5,6.4,20.5,21.1,52.3,428.3,199.4,71.5,110,34.5,12.3,38.3,85.7,14.7,2716.2,1449.2,4.3,134.2,355,279.5,53,288.2,152.9
Nov-13,12713.7,3279.8,452.3,2443.6,3194.5,803.7,89.6,146.5,79.9,92.7,464.7,332.6,104.7,200.7,6,15.3,19,41.1,418.6,187.4,65.9,107.2,29.2,10.6,33.9,80.5,13.4,2590.3,1470.8,4,93.3,347.2,269.3,37.9,249.4,118.5
Dec-13,11611.2,3282.2,446,2421.3,2672.7,600.3,90.7,130.2,59.9,84.8,457.5,251.6,102.4,162.7,4.8,34.8,19.4,38.9,316,160.5,51.2,81.4,28.6,8.2,30,63.2,11.8,2272.9,1257.3,3.5,74.4,294.7,238,42.3,181.1,181.4
Jan-14,12787.4,3258.9,406.1,2486.7,3219.1,763.2,107.6,150.9,82.2,89.5,586.3,284.2,118.4,197.3,4.8,20,20,52.9,413.3,181.9,67.8,105.2,26.5,15.9,29.7,87.3,11.5,2421.2,1402.1,3.5,96,276.3,267.7,29.2,207.5,139
Feb-14,12186.5,3166.7,432.1,2385.8,3077.4,730.2,101.6,137.9,57.3,87.2,464.3,285.3,100.2,189.5,5.4,17.1,15.7,49.3,379.1,182.1,62.5,95,28.3,10,31,82.7,12.7,2371.8,1355.1,3.3,91.6,268.7,290.6,36.8,237,88.7
Mar-14,13272.9,3402.4,435.5,2503.2,3440.1,772.5,121.4,158,73.9,97.9,501.7,309,121.7,221,8,16.9,20.5,59.9,425.5,217.5,70,102.7,33,17.3,44.5,82.3,16.5,2845.2,1518.4,3.7,93,575.3,259,30.2,221.4,144.2
Apr-14,13040.6,3487.7,437.8,2552.9,3323.2,694.6,96.4,141.7,62.8,92.4,478.8,310,112.3,200.4,12.1,25,17.1,50.8,408.6,184.8,67.4,104.5,32.6,10.4,39.5,81.7,15.4,2456.5,1444.4,5.1,98.9,286.4,271.5,25.1,240.5,84.6
May-14,12441.3,3091.5,426,2379.6,3204,762.5,103.4,149.7,110.1,87.9,496.7,326.8,117.6,200.2,20.1,23,15.9,44.1,375.7,177.9,64,98.8,32.1,9.8,34.2,75.5,14.2,2438.4,1409,4.5,116.4,291.6,270.8,23.7,200.9,121.5
Jun-14,12755.6,3183,418,2439.7,3271.3,822.1,135.6,158.1,68.3,91.2,500.4,298,125.1,214.3,5.2,15.7,19.4,35.7,403.9,187.2,68.4,111.9,33.2,10.5,47.1,78.2,14.3,2670.9,1537.5,4.2,116.1,391.4,274.7,37.8,211.3,97.9
Jul-14,12450.1,3125.1,410.9,2379.4,3304.9,757,104.8,133.5,83.6,96.1,503.3,239,107.1,209.8,5.9,20.6,18.6,53.5,381,170.9,62,103.5,30.8,10.7,37.1,83.7,17.3,2593.7,1602.6,3.7,87.8,300.1,259.8,36.4,207.6,95.6
Aug-14,10802.9,2487,345.9,2204.9,3105.3,500.2,94.5,137.5,52.8,76.9,374.3,254.9,106,174.1,5,18.8,15.8,51.2,348.3,155.4,54.6,90.3,27.1,9,30.7,68.5,13.8,2189.9,1382.2,4,97,224.5,221.5,27.6,189.8,43.4
Sep-14,13645.1,3598.5,421.6,2563.9,3426.7,895.7,109.1,158.5,90.7,95.1,520.3,321.8,108.7,229.6,6,21.3,24.5,50.7,411.5,185.8,68.1,136.5,31.9,10.4,39.2,94.1,25,2797.7,1780.2,4.4,121,300.8,254.8,31.6,219.8,85.2
Oct-14,13708.3,3709.3,448.7,2591.1,3355.9,803.3,116.5,157.6,89,107.7,531.7,340.8,117.4,229.6,7.1,23.7,23.6,48.5,440,198.5,70.4,111.8,31.8,11.7,39,88.1,15.7,2763.7,1729.3,4.3,109.8,311.4,312,32.1,200.2,64.7
Nov-14,12157.1,3194.3,374.6,2291.5,3099.8,736.2,108.6,139.3,70.5,103.9,462.1,313.5,99.8,203.7,5.3,16,19,41.2,371.7,173.6,59.9,104.5,27.2,9.7,36.5,80.2,14.7,2429.1,1521.8,4.7,100.6,288.3,256.2,34.1,158.6,64.8
Dec-14,10982.9,2924.6,430.1,2289.5,2525.1,593.2,95.5,121.2,70.1,84.6,468,284.2,94,162.5,4.6,15.8,19.7,40.3,329.8,147.8,50.9,82.9,28.5,9.2,30.4,66.3,13.7,2106,1343.7,4.6,82.9,229.3,241.6,26.3,135.6,41.9
Jan-15,11188.4,2965.1,356,2030.7,2762,741.8,118.4,138.6,65.4,92.6,454,283.6,91.2,158.4,5.7,17.4,19.7,40.4,354.1,171.4,62.3,102.6,25,9.7,28.9,79.7,13.6,2140.7,1378.6,4.5,85.6,241.3,239.1,20.1,121.5,50.1
Feb-15,11430.1,2947.6,425.9,2098.3,2822.4,731.1,98.8,124.1,71.9,88.5,474.9,285.1,101.9,213.8,5.7,15.4,20.1,39.5,367.3,170.8,61.3,99.6,26.4,11.9,33.2,80.3,14.5,2307.1,1514.1,3.9,88.9,247,256.3,18.5,136.4,41.9
Mar-15,12926.1,3269.3,448.5,2352.2,3233.8,871.1,106.3,153.3,82.1,111.6,529,332.4,112.7,212.5,7.1,20.2,31.5,47.7,428.3,200,72.4,109.7,30,11.9,39.2,94.7,18.4,2578.6,1718.1,4.3,92.4,273.8,273.8,20.2,148.1,48
Apr-15,12323.2,3118.7,413.9,2382.2,2951.5,828.4,133.9,129.4,88.3,103.7,514,314.3,97.4,186.2,5.3,19.5,27.1,42.5,405.7,184.2,82.5,106.4,26.6,12.1,47.1,83.7,18.6,2418.5,1545.5,4.3,100.7,276.3,298.4,25.2,130.9,37.2
May-15,11441.7,2785.1,392.3,2248.7,2712.2,818.8,104.7,117.7,76.4,97.6,500.6,327.1,96.8,174,5.6,17.8,24.2,44.1,385.9,175.8,65.8,91.3,29.9,11,44.7,75.7,17.9,2130.1,1372.9,5.4,84.7,269.4,209.3,23,126.6,38.8
Jun-15,13254.7,3364.1,433.8,2603.7,3083.5,932,110.1,163.7,79.3,106.7,559.9,361.5,106.9,203.4,6.1,18.7,29.9,54.3,445,192.2,76.6,119,31.4,17.8,48.8,87.9,18.2,2561.2,1674.5,5.7,108.5,296,242.4,27.1,162.6,44.4
Jul-15,12076.4,3020.6,399.9,2351,2940.2,847.4,116.8,118.8,60.5,101.8,513.2,270.1,96.5,198.1,5.4,17.9,25.8,42.8,416.7,168.1,65.3,97.7,29.7,18,42.4,85.7,26.1,2325.8,1480.9,11.1,84.6,313.4,199.2,26.8,167.3,42.5
Aug-15,10257.8,2287.9,323.5,2128.5,2748.1,541.3,107.2,137.7,47.2,74.9,388,317.3,96.8,154.9,6.7,17.9,18.4,39.9,356.7,147.9,62.8,85,24.9,13.6,35.6,79.8,15.2,2089.4,1421.1,4,87.7,196.8,187.5,22.9,136,33.4
Sep-15,12666.8,3010.2,412.5,2393,3080.8,971,106.6,154.6,72.6,98,524,375,104.8,197.6,7,22,24.1,48,457.5,188.7,85.2,114.1,34.6,16.4,45.6,98.2,24.8,2434.1,1601.5,4.1,80.5,325.6,228.7,21.1,132.5,40.1
Oct-15,12646.3,3184.3,409.1,2356.3,3002.4,856.9,126.6,158.1,91,101.4,513.1,403,106.8,192.1,5.9,18,31.2,53.9,444.6,187.4,80.4,110.7,34.6,12.3,43.2,100.2,22.8,2419.9,1573.9,5.2,93.2,299.3,225,24.7,154.9,43.6
Nov-15,11975.8,2974.8,398.4,2254.4,2876.1,862.8,98.6,142.5,74.3,88.3,491.4,358.2,100.5,179.9,9.8,17.4,26.7,42.2,411.7,180.3,83.8,109,29.4,10.5,45.3,87.8,21.8,2275.8,1432.3,4.2,93.6,345.1,185.7,24.4,143.1,47.3
Dec-15,11118.4,2723.4,403,2429.1,2444.7,737.2,111,137.8,78.6,87.7,457.3,318.5,88.4,165.5,7.6,17,18.5,39.5,383.1,156.8,63.3,82.2,29.2,11.1,33.8,78,16.3,2108.5,1348.3,4.4,72.6,261.8,226,26.1,123.3,46
Jan-16,11409.4,2792.4,338.8,2075.6,2816,925.3,135.5,136,69.2,94.8,445.9,309.4,101.5,183.7,6.4,21.4,18.7,42.2,377.2,175.3,71.2,94.7,25.6,8.5,35.8,91.3,17.3,2198.8,1383.5,4.5,71.2,352.4,200.7,20.3,128.2,38
Feb-16,11796.5,2850.7,369.9,2071.1,3023.9,874.4,119.8,138.9,74.3,98.6,512.8,320.8,98.8,186.3,5.2,22.2,20.6,45.4,402.6,178.8,73.4,107.7,28.8,9.2,35.4,106.8,20,2266.5,1466.7,4.9,77.1,271.1,224.7,26.3,148.7,47
Mar-16,12866.8,3154,423.4,2218.8,3267.5,971.7,119.9,154,85.9,115.3,524,360.3,118,205.8,5.2,26,37.5,51.7,440.1,191,78,111,33.9,9.6,39,105,20.1,2505.8,1544.7,5.4,87.6,324.9,270.2,36.7,176.9,59.2
Apr-16,12763.5,3006.1,395.7,2217.5,3308.2,989.7,127.4,149.6,81.5,132.2,501.3,390,103.5,235.3,7.7,23.7,27.7,47.2,452,186.4,71.8,112.1,30.4,11.1,44.5,90.6,20.3,2450.8,1465.2,6.6,140.6,340.9,255.5,39.9,157.8,44.2
May-16,12454.8,3042.5,385.7,2312,2956,1023.5,130,150.5,77.4,97.4,534.5,391.3,98.3,179.5,4.6,23,19.5,50.1,430.4,172.8,69.1,110.3,30.3,12.4,42,94.2,17.6,2382,1460.6,5.9,91.3,290.5,277.1,31.1,179.7,45.9
Jun-16,13956.5,3197.2,428.1,2466.3,3711.8,1159.3,130,171.3,82.9,113.2,570,394.3,118.5,212.5,5.5,24,23.9,53,472.3,188.5,75.1,125.4,33.4,15.3,56,95.9,32.7,2781.6,1695.3,5.6,99.9,409.4,254.3,43.7,213,60.4
Jul-16,11917.3,2667.7,368.6,2170,3251.2,962,106.6,123.6,72.7,94.9,486.5,289.3,96.3,209.8,5.4,19.8,23.6,47.7,397.4,159.6,56.3,110.8,27.8,9.2,58.6,79.8,22,2533,1539.6,4.6,118.1,393.4,203.4,38.1,195.9,39.9
Aug-16,11634,2578.4,317.9,2153.4,3311.2,749.3,167.5,145.9,65.4,82.8,415.5,334.3,97.4,166,5.4,20.4,18,44.3,419.4,169.9,63,117.5,28.4,14.4,36,93.7,18.4,2553.7,1548.6,6.4,82.9,396.8,239.2,32,201.1,46.7
Sep-16,13030.4,3057.3,435.8,2332.8,3306.6,959.8,123.9,173,92.1,107.3,562.4,403.2,112.1,199.2,4.6,21,24.2,44.2,480.8,182.9,69.6,120.7,31.2,11.3,48.3,102.5,23.9,2712.1,1653.3,6.6,134.8,377.2,244.7,32.5,206.7,56.2
Oct-16,13307,3147,422.4,2396.1,3329,1106,174.2,160.4,84.3,110,545.1,408,105.1,185.5,5.4,19.2,25.2,45.8,450.8,185,72.2,109.6,34.2,10.4,49.3,104.8,22.1,2603.4,1611.1,7.6,133.6,298.9,269.9,35.8,196.7,49.8
Nov-16,13938,3378.6,449.9,2409.5,3579.3,1181.2,121.8,163.1,86.2,110.6,558.8,395.5,113.3,203.2,8.7,21.5,20.8,50.5,480.7,188.3,74.3,121.9,34,9.1,44,111.6,21.8,2735.9,1749.3,6.3,101,338.7,242.6,34.7,213.5,49.8
Dec-16,12624.7,3034.8,425,2406.8,3136.1,951.3,133.4,146.2,79.7,111.6,494.1,380.7,96.8,159.9,5.1,22.3,22.3,45.3,437.6,176.3,61.3,90.9,32.4,15.3,42.4,85.8,31.3,2439.3,1506.5,4.8,86.4,338.1,265.1,39.7,153.4,45.3
Jan-17,13051,3170.1,404.6,2341.2,3345.6,982.3,140.9,149.8,83.7,106,564,371,103.4,191.4,4.7,23.5,17.9,50.5,447.3,173,61,110.3,29.4,9.4,33.5,113.2,23.5,2572.8,1675,5.3,81,284.3,246.1,30.5,203.3,47.3
Feb-17,13246.7,3251.1,421.4,2248.9,3441.4,1087.8,118.8,139.4,78.3,105.2,553,389.2,102.3,188.8,10.5,21.3,24.9,57.8,463,173.2,66.7,108.4,32.1,9.6,37.1,98.1,18.5,2710.3,1716.4,6,80.5,336.9,260.2,36.6,222.2,51.5
Mar-17,15902.2,3645.6,477.4,2802.4,4504,1149,147.8,165.2,95.6,132.3,611.2,466.4,122.7,219.3,6.7,23.2,27.1,60,557.2,219.7,81.9,132.3,38.6,15.2,51.7,124.2,25.5,3207,1851.3,8.7,130.4,513.1,327,43.1,275.3,58.2
Apr-17,12805.3,3276.1,421.2,2368.8,3061.6,881.5,120.1,135.2,78.1,106.8,554.8,384.4,102.8,205.4,4.5,19.6,20.6,60.4,444.6,174.1,67.8,111.4,35.7,10.1,44.3,96.6,18.8,2405.5,1441.6,6.4,82.7,342,252.6,44.4,184.2,51.7
May-17,14501.7,3167.8,478.1,2622,3990.9,1076.6,143.2,154.4,88.2,128.3,632.1,427.1,124.5,210,5.4,21.1,24,59.6,500.7,192.1,76,136.5,38.4,18,51.7,111.4,23.8,2735.9,1496.7,8.3,93,367.8,287.8,45.7,381.5,55.1
Jun-17,14477.9,3284.8,437.2,2572,3734.7,1165,133.3,171,99.8,131.2,655.6,438.1,113.6,215.9,6.5,24.5,24.5,61.4,553.6,212,70.8,129.4,43.2,13.9,53.7,108.4,24,2579.7,1553.4,7.8,106.3,302.5,268.3,49.3,231.2,60.9
Jul-17,13142.9,3025.4,384.7,2499.8,3364.2,1111.6,109.8,135,86,122.4,573.6,314.5,99.3,196.4,5.9,21,18.3,48.8,469.4,157.4,64.9,113.6,29.3,14.1,47.3,110.6,19.6,2230.5,1343.9,5.2,63.3,293.1,243.9,40.9,193.2,46.9
Aug-17,12582,2584.9,350.7,2467.9,3716.6,656.2,110.8,175.5,85.1,107.3,488.9,371.1,107.4,197.8,7.4,20.5,19.1,52.3,475.2,179.8,67.1,118.3,35.4,10.3,38.6,113.7,24.3,2494.7,1476.4,5,102.7,337.1,286.6,33.9,200.4,52.7
Sep-17,13708,3063,420.8,2613.6,3466.9,991.6,113,164,90.4,111.9,615.4,414.7,110.8,207.7,5.3,22.7,20.3,67,543.7,227.9,69.5,123,36.8,11.4,51.5,124.6,20.7,2578.7,1520.1,6.3,105.1,376.3,277.5,31.9,195.2,66.2
Oct-17,14660.2,3411.5,432.3,2641.9,3758.2,1110.3,120.4,163,92.9,130.6,664.2,435.8,108.9,212.6,13.4,26.6,22.4,54.3,571.1,223.7,83.5,132.7,37.2,10.8,50.7,129.7,21.3,2778,1595.5,8.5,99.2,413.3,321.6,36.9,233.1,70
Nov-17,14661.2,3387.2,460.9,2623.4,3734.3,1207.4,132.9,171.5,92.7,121.6,639.8,424.7,114,215.1,6.7,29.1,21,57.3,560.9,201.6,73.9,132.4,40.4,11.3,49.6,127.7,23.7,2749.8,1627.8,5.2,90.5,363,340.7,30.8,227,64.8
Dec-17,12742.1,2949.9,422.9,2492.6,3313.7,793,135.6,141.1,85,101.6,553.3,411.7,98.9,163.4,14.7,22.2,18.2,50.5,463.2,152.1,61.3,97.3,34.1,10.2,41.3,90.9,23.5,2441.3,1553.6,5.2,75,281,253.9,27.6,176.9,68.1
Jan-18,14989.8,3200.1,456.3,2561.1,4571.1,1054.1,167.6,162.3,91.9,122.3,627.7,430.7,111.7,209.7,8.4,28,18.4,53,483.6,181.5,70.9,135.8,34.9,15.7,44.3,127,21.6,2825.6,1712.8,6.2,105,396.7,305.4,31.5,203.6,64.4
Feb-18,13692.8,3176.9,436.9,2302,3760,1042.4,114.2,148.2,79.8,103.9,590,392.7,109.9,211.1,7.4,24.1,19.1,65.4,478.8,183,72.9,140.5,38.6,11.8,41.9,119.3,22.1,2708.5,1652.9,4.7,99.5,382.4,297.1,27.7,169.7,74.6
Mar-18,15375.5,3498,526,2582.4,4141.3,1195.5,166.2,160.8,88.1,139.7,642.1,469.9,113.8,236.4,7.3,25.5,23.6,59.7,582.6,207.2,81.4,154,40.6,16.8,59.5,132,25.2,2789.2,1668.2,5.8,91.4,391.2,302.7,33.3,227.9,68.7
Apr-18,14168,3195.2,479,2446.2,3993.7,956.6,119,162.1,85.1,119.8,615.6,447.1,109.9,224.2,5.9,23.1,19.6,50.4,480.1,189.3,71.8,145.4,34,12.8,51.1,107.2,23.6,2403.2,1386.1,6.2,83.7,325.7,283.8,36.9,214.7,66.1
May-18,14440,3336.4,516.1,2690.3,3579.7,1121.1,192.4,169.7,82,118.7,636,404.6,111,206.6,5,21.1,21.8,61.8,502.2,201.3,74.2,136.4,38.5,13.2,53.2,123.3,23.2,2636.4,1504.5,6.7,100.3,382,331.4,36.9,198.5,76.2
Jun-18,15704.9,3516.9,505,2736.6,4528.6,1137.2,142.2,167.7,88.8,134.1,660.8,393.6,115.5,213.2,5.5,21.7,27.9,63.1,534.3,223.4,75,138.5,38.3,18.2,53.5,140.3,24.8,2637.2,1556.8,7.1,97.9,382.8,277.4,43.2,191.4,80.6
Jul-18,14927.9,3175.6,518.8,2737.6,4414.2,1122.2,119.5,138.6,100.6,149.4,660.4,290.9,103.5,194.4,9.8,20.6,17.4,42.9,486.8,193.3,63.7,130.5,34,13.1,44.3,124.7,21.2,2384.4,1432.4,6.2,97.4,286.5,277,37.7,159.9,87.4
Aug-18,13252.6,2700.5,429.3,2731.6,3930.5,655.3,112.8,160.8,66.2,105.8,508.6,333.4,110.6,206.4,5.4,20,19.2,54.7,488.7,197.4,62.6,117.8,32,11.8,42.1,128.5,20.5,2416.5,1358.7,5.9,101.3,272.1,247.5,37,197.9,196.1
Sep-18,14794,3230.9,465.2,2710.1,4247.7,1181.7,122.5,183,79.2,121.7,576.1,329.6,109.7,195.1,5.9,24.9,21.8,54,511.5,185.1,67.5,136.2,33.6,13.3,46.8,119.4,21.4,2636,1399.2,5,85.9,344.3,249.7,34.1,173.4,344.4
Oct-18,16086.8,3588.8,559.2,2995.3,4149.3,1327.7,182.6,180.9,105.7,130.3,692.9,406.5,117.1,223,12.6,23.2,25.4,58.1,564.4,236.9,71.6,153.3,37.9,13.3,48.1,158.3,24.3,2685.2,1646.2,5.3,118.5,344.7,216.8,36.8,235.7,81.2
Nov-18,15547.4,3398.4,513.7,2828,4396.5,1189.1,138.1,178.4,102,131.9,638.3,377.7,112.7,212.5,7.1,22.3,20.3,51,536.8,210.4,72.3,142.8,40,13,45.7,144.3,23.9,2622.9,1565,5.2,122.4,306.2,222.8,31.4,227.1,142.8
Dec-18,12894,2832,495.4,2480.2,3618.1,838.8,134.7,134.4,76.4,105.4,543,327.7,100.3,151.7,5.3,19.3,15.2,44.1,439.6,170.2,54.2,102.4,30.9,11.6,41.5,102.1,19.4,2028.4,1270.8,3.9,66.5,238.2,214.2,30.4,142,62.5
Jan-19,15271.2,3229.6,513.4,2616.2,4783,1008.1,165.7,143.3,83.5,131.7,598.7,383.1,107.6,219.3,6.8,22.5,18.8,39.9,530.8,215.1,75.2,137.9,37.6,11.9,47.1,123.4,21,2505.2,1518.8,4.6,114.2,387.4,205.2,30.1,178,66.9
Feb-19,14785.4,3244.6,481.2,2501.2,4415.8,1167.5,146.3,150,93,118.9,576.1,345.2,105.9,217.3,5,23.7,20.8,39.9,487.2,191.9,71.9,137,36.7,21.3,41.6,121.4,23.9,2528.1,1585.2,3.8,77,269.6,250.4,32,233.9,76.1
Mar-19,14958.7,3330,561.6,2806.2,3611.6,1218.4,163.8,178.3,82,149.6,627.2,415.8,114.2,243,5.2,22.2,24.4,54,594.2,221.3,72.7,163.9,39.1,14.6,69,149.6,26.7,2946.5,1812,6.5,121.4,390,296.3,39.9,197.6,82.8
Apr-19,15456.1,3342.1,564.6,2820.8,4243,1055.2,150.1,158.4,101.3,134.4,650.6,418.9,133,230.7,5.8,24,20.5,55.6,591.5,227.9,78.1,163,40.4,15.7,72.2,132.4,25.8,2321.4,1244.9,4.8,128.3,340.2,256.8,37.6,244.2,64.5
May-19,16374.1,3440.5,543,2848.6,4944.5,1104.4,179.1,171.2,86.5,140.5,648.7,463.8,132.3,252.6,5.7,24.8,23.4,48.1,574.1,239.6,69.9,149.7,41.1,13.4,56.4,142.2,29.8,2373.2,1268.3,4.9,115.8,416.9,249.3,41.2,208.3,68.5
Jun-19,14695,3187.8,509.6,2662.5,4170.4,999.7,142.7,165.4,97.5,126.7,608.9,364,114.7,203.7,7.6,20.9,22,47.1,533.7,225.3,67,145.4,40.2,10.4,65,134,23,2352.5,1265.2,5.6,100,395.4,244.8,46.6,226.3,68.6
Jul-19,14976.4,3251.9,510.4,2584.3,4280.1,1097.9,153.1,156.8,104.2,157.1,643.8,339,115.5,220.6,6.8,22.4,21.4,54,566.7,213.4,72.8,147.9,39.3,11.3,47,133.3,25.2,2504.3,1400.1,4.9,100.6,385.1,281.5,42.4,220.9,68.8
Aug-19,12461.9,2518.8,435.1,2412,3392,846.5,129.5,155.2,69.4,109.9,522.7,360.1,113.7,187.8,6.4,20,18.7,44.4,486.9,188.5,58.3,131.9,33.1,20.1,42.3,138.7,20,2355.2,1221.5,3.8,99.8,439.6,249.6,31.8,254.2,55
Sep-19,14282,3117.4,480.9,2705.7,3725.8,1002.6,125.2,178.6,100.5,121.3,614.6,388.5,115.1,226.5,5.5,21.6,20.8,47.5,563.9,225.3,67.2,159.5,36.8,12.5,48.3,147.1,23.6,2508.5,1424.1,6.5,98,408.4,229.6,37.4,237.7,66.8
Oct-19,15789.3,3461.4,519.6,2943.3,4061.8,1172.3,148.2,169.8,104.8,155.4,730.7,436,129.7,238,6.9,25.9,25.1,49.2,597.3,238.7,74.4,163,46.3,13.3,55.8,168.2,54.1,2896.4,1561.2,5,126,407.6,280.1,36.1,387.1,93.4
Nov-19,15346.5,3092.3,495.2,2700.3,4290.4,1339.6,167.7,163.1,103.2,123.4,722.5,424.1,112.5,223.2,8,27.6,22.6,42.9,535.6,208.9,73.9,167.5,36.9,11.7,54.9,161.6,36.9,2461.8,1267.4,5.8,124.3,376.7,309.8,28.3,268.4,81.2
Dec-19,12930.3,2922.3,480.2,2676,3064.4,900.2,164,145.6,80.5,116.3,566.2,366.8,102.4,167.6,4.9,26.6,17,36.1,459.2,194.1,59.9,129.8,34.9,11,42.7,133.4,28.2,2210.1,1144.6,5.7,71.4,394.6,304.9,48.2,181.3,59.4
Jan-20,15796.3,3348,499.4,2690.5,4215.4,1415.3,300.2,171.7,104.1,131.6,721.6,433.8,107.8,226.1,6.4,29.4,19.6,49.9,564.8,221.1,83,163.1,36.2,13.9,47.3,150.3,45.8,2641.4,1398.1,6.9,99.8,479.9,296.9,35.1,231.8,92.9
Feb-20,14503.6,3019.8,450.6,2629.4,3775.2,1362.1,145.4,181.4,82,121.9,679.1,374.1,108.4,210.5,5.4,28.7,19.9,48.1,499.8,214.6,77.5,151.1,35.4,11.4,54.5,144.3,73,2560.2,1411.6,7.6,106.4,394,273.7,35.3,269.2,62.4
Mar-20,14295.3,2875.8,399,2619.4,3855.3,933.9,278.7,191.4,94.8,113.2,674,417.9,116,208.9,7.2,25.7,26.8,51.9,604.3,244.1,75.7,161.6,38.8,12.2,45.3,172.2,51.3,2510.8,1399.4,5.7,122.2,354.1,277.2,34.9,255.5,61.7
Apr-20,10947.3,2147.6,246.2,2096.4,3147.4,870.9,148.6,139.8,71.9,82.4,442.9,275.4,105.5,158.4,6.1,20.1,16.8,34.4,401.8,156.6,49.3,118.9,26.8,11.4,27,91.2,53.4,1764.7,842.1,3.8,156.6,285.7,186,29.4,222,39.2
May-20,11798.4,2414.5,313.6,2090.6,3402.8,1001.2,115.1,151.2,68.8,104.8,464.6,352.1,109.7,171.9,6.7,17.5,18.3,35.3,391.5,163.5,57.7,133.7,24.7,9,37.6,103.5,38.5,1653.8,820,3.8,76.7,241.2,232.9,30.4,203.4,45.4
Jun-20,13776.5,2938.2,396.6,2472,3729.3,1195.9,124,180,88.1,95.8,571.9,445.1,118.9,185.6,5.3,21.4,18.4,42.8,457.2,182.1,65.8,145.7,33.6,21.2,47.3,119,75.5,2243.9,1093,6.5,104.3,344.4,364.2,33.1,242.9,55.6
Jul-20,12762.1,2788.1,427.5,2267.5,3308.4,938.9,136.9,149.2,80.9,120.3,602.6,403.9,95.8,190,4.6,21.8,18.3,37,505.2,201.1,64.6,125.5,32.5,13.3,47.5,122.5,58.2,2280.1,1196.6,5,88.1,287.6,380,39.9,221.6,61.3
Aug-20,,,,,,,,,,,,,,,,,,,,,,,,,,,,,,,,,,,,
